Title,Link,Date,Content
[단독] “캐피탈사 이러다 큰일날라”...1%도 안됐던 부동산PF 연체율 3...,https://www.mk.co.kr/article/11148791,2시간 전,"연체율, 13%P 급등 “건전성 관리 제도 개선 시급” 사진 확대 서울시내 한 아파트 공사 현장. [한주형 기자] 올 상반기 캐피탈사 등 여신금융업권의 부동산 프로젝트파이낸싱(PF) 대출 연체율이 1% 미만이던 2020년 말 대비 3년 반만에 4.37%까지 급증했다. 이에 여신금융업권의 건전성 악화를 방지하기 위해 레버리지 배율 규제 등 제도 개선이 필요하다는 지적이 나오고 있다. 24일 국회 정무위원회 소속 민병덕 더불어민주당 의원실이 금융감독원으로부터 제출받은"
“미분양 줄고 집값 오르고”…온기 도는 부동산,https://news.kbs.co.kr/news/pc/view/view.do?ncd=8089041&ref=A,3시간 전,"[앵커]아파트를 중심으로 한 주택 거래량이 늘어나고 집값도 오르면서 울산의 부동산 시장에 온기가 돌고 있습니다.건설사들도 잇따라 분양에 나섭니다.보도에 박중관 기자입니다.[리포트]울산 무거동에 들어서는 아파트 견본주택입니다.전용 84㎡ 단일면적으로 분양 물량은 아파트 481가구와 오피스텔 99호실 등 모두 580가구.최근 울산의 아파트 시장에 온기가 감돌고 있어 건설사의 기대가 큽니다.[차승학/동원개발 분양소장 : ""품격있는 커뮤니티 특화시설을 도입했으며 무거동의 희소성 높은 신축 아파트라는 점 그리고 최근 울산의 부동산 시장도  호조세여서 분양은 잘 될 것으로 기대하고 있습니다.""]롯데와 우미건설 등 다른 건설사들도 분양 채비를 하고  있습니다.주택산업연구원이 발표한 10월 울산의 분양경기 전망지수는 106.3으로 올 들어 처음으로 기준치 100을 넘었습니다.집값도 오름셉니다.지난 9월 울산의 아파트 매매가격지수 상승률은 0.06%로 8월보다 상승폭이 확대되며 2개월 연속 올랐습니다.특히 지방 5대 광역시 가운데 유일하게 상승했습니다.8월 기준 미분양 물량은 약 2,400가구로 꾸준히 줄어들고 있고 8월 주택거래량은 약 1,400가구로 1년전보다 13.7% 늘었습니다.올 들어 8월까지 아파트 거래는 1만 5천여 건으로 지난해 전체 거래량에 근접했습니다.[이영래/부동산서베이 대표 : ""서울 및 수도권에서 시작된 부동산 시장 회복 분위기가 울산까지 내려온 것으로 보이구요 아파트 입주 물량이 줄어들기 때문에 매매가격 회복세도 지속될 것으로 예상됩니다.""]다양한 지표들이 울산의 부동산 시장 회복세를 이야기하고 있지만 대출 규제가 대폭 강화돼 본격적인 회복 국면은 시간이 좀 더 필요할 것으로 부동산 업계는 보고 있습니다.KBS 뉴스 박중관입니다.촬영기자:김용삼"
이자도 못내는 임대수익... 빌딩·상가 거래 '반토막'[얼어붙은 상업용...,http://www.fnnews.com/news/202410231814534430,1면 1단,"서울 매매건수·금액 3년간 급감올 신규매수 0건인 곳도 수두룩상업용 부동산(오피스·리테일·숙박) 시장이 '고금리 직격탄'을 맞으며 3년 만에 반토막 났다. 한때 6000건을 훌쩍 넘었던 상업용 부동산 매매건수가 3000건 밑으로 떨어졌고, 거래금액도 급격하게 줄어들었다. 특히 고금리가 이어지면서 올 들어서는 신규 매수가 한건도 없는 업체가 수두룩한 상황이다.23일 파이낸셜뉴스가 직방에 서울 지역의 연도별 '상업용 부동산 매매 거래량·거래총액' 자료를 의뢰해 분석한 결과 지난 2021년 6322건이었던 거래량은 △2022년 4344건 △2023년 3022건 △2024년(10월 18일 기준) 2922건으로 해마다 감소했다. 아직 올해가 끝나지 않았지만 현재 분위기로는 거래량이 2021년 대비 절반 수준에 미치지 못할 것으로 전망됐다.상업용 부동산 시장에서 금리 상승은 대표적인 걸림돌이다. 실제로 이 같은 거래 추이는 지난 2021년 8월부터 3년2개월 동안 상승과 동결을 이어온 국내 기준금리 상황과 궤를 같이한다. 특히 한 해 동안에만 기준금리가 6차례 올랐던 2022년에는 거래량이 전년 대비 3분의 2(약 68%)로 급감하기도 했다.거래총액 역시 △2021년 18조7412억원 △2022년 11조5290억원 △2023년 8조5872억원으로 급격히 줄었다. 올해 거래총액은 10조5539억원으로 지난해보다 1조9667억원 늘었지만 3년 전과 비교하면 갈 길이 멀다.상업용 부동산의 침체가 이어지면서 업계는 뒤숭숭한 분위기다. 한 부동산 투자업계 관계자는 ""최근 2~3년은 거래가 너무 적어 시장 전체가 조용했다""며 ""특히 올해는 신규 매수가 단 한건도 없었던 운용사가 많을 정도로 대부분 실적압박을 받고 있다""고 전했다. 또 다른 관계자는 ""지난해 관련 업계에 대량 해고사태가 일어났었다""면서 ""거래가 줄면서 기업들도 긴축경영을 하는 실정""이라고 했다.전문가들도 기준금리 상승을 상업용 부동산 시장 침체의 주요 원인으로 지목한다. '비주거 부동산'인 상업용 부동산은 정부의 가계대출 규제 등 다른 외부요인의 영향을 동시에 받는 '주거 부동산'보다 기준금리에 민감하고 빠르게 반응한다는 설명이다. 실제로 최근 19년 가운데 거래총액 규모가 가장 컸던 2021년 기준금리는 0.50%였지만 이후 2023년 3.50%까지 금리가 오르는 동안 거래총액과 거래량은 계속 감소했다. 권대중 서강대 부동산학과 교수는 ""금리상승과 그 여파로 인한 경기침체가 상업용 부동산의 거래량을 축소시켰다""고 말했다.역마진(역레버리지)도 상업용 부동산 시장 침체를 불러왔다. 역마진은 금리비용이 부동산으로 발생하는 수익보다 높은 현상을 말한다.고준석 연세대 상남경영원 교수는 ""임대수익률이 금리보다 높아야 하는데 금리가 올라가면 부동산 수익이 줄어드니 거래가 줄어들 수밖에 없다""고 진단했다.ming@fnnews.com 전민경 기자※  저작권자 ⓒ 파이낸셜뉴스, 무단전재-재배포 금지"
"""전세보증금 못 돌려받으면 어떡하죠""…세입자들 '눈물'",https://www.hankyung.com/article/2024102346051,A27면 1단,"청주와 포항, 강릉, 목포 등 지방 주요 도시의 아파트 전세가율(매매가 대비 전세가 비율)이 80%를 웃도는 것으로 나타났다. 부동산 거래시장 침체가 이어지면서 전셋값보다 매매가격이 더 빠른 속도로 하락하고 있어서다. 통상 전세가율이 80%를 넘으면 ‘깡통전세’(전세금과 담보대출이 매매가를 웃도는 현상) 리스크가 있다고 본다. 비수도권 세입자의 주거 불안도 커지고 있다는 분석이 제기된다.○울진은 전세가율 90% 넘어이미지 크게보기23일 한국부동산원 임대차시장 사이렌에 따르면 지난달 기준 아파트 전세가율이 80% 이상인 지역은 총 19곳으로 집계됐다. 최근 1년간 동일 단지의 매매·전세 실거래 데이터를 바탕으로 산출한 값이다. 전세가율이 10% 미만이거나 200% 이상인 ‘아웃라이어’(평균치에서 크게 벗어난 이상치)는 계산에서 제외했다. 19곳 중 경기 이천(81.1%)을 제외한 18곳이 비수도권 지역이었다. 전북 익산(84.9%)과 충북 청주 서원구(83.2%), 강원 강릉(82.1%), 전남 목포(82.0%), 경북 포항 남구(81.9%) 등 지방 거점 도시도 포함됐다. 경북 울진(90.8%)은 전세가율이 90%를 넘었다.서울의 평균 전세가율은 57.9%에 불과하다. 용산구(45.9%), 강남구(46.5%) 등 서울 고가 지역과 비교하면 차이가 더 벌어진다. 일반적으로 전셋값은 사용가치를 바탕으로 형성되고, 매매가에는 미래가치가 반영되는 경향이 있다. 지방의 전세가율이 높은 건 해당 단지의 가격 상승 호재 등 미래가치 수준(분모)이 현재의 실거주가치(분자)와 크게 차이 나지 않는다고 보는 사람이 많다는 뜻으로 해석할 수 있다. 실거주하기 불편하지만, 투자가치가 높다고 평가받는 재건축 아파트의 전세가율이 낮게 나타나는 것과 반대 구조다.실제로 한국부동산원에 따르면 비수도권 아파트 매매가격은 10개월 연속 하락세를 보이고 있다. 지난 9월 기준 매매가 하락률(-0.06%)이 전세가 하락률(-0.01%)보다 크다. 부동산업계 관계자는 “비수도권에선 가격 상승에 대한 기대가 낮기 때문에 상대적으로 매수 대비 전세 수요가 크고, 전세가율이 높은 수준을 보인다”고 설명했다. 반면 서울 아파트는 지난달 기준 매매가(0.79% 상승)가 전세가(0.58% 상승)보다 더 크게 올라 대조를 이뤘다.○전셋값＞매매가 사례도높은 전세가율은 자칫 임차인(세입자)의 전세보증금 미반환 리스크로 이어질 수 있어 주의가 필요하다는 지적이 나온다. 지방에선 아파트 ‘몸값’보다 전세보증금이 더 비싼 사례도 발견할 수 있다. 예컨대 목포 상동주공4단지 전용면적 38㎡는 이달 4600만원(5층)에 손바뀜했다. 반면 같은 면적 6층 물건은 지난 6월 보증금 4935만원에 전세 세입자를 들였다. 청주와 포항 등 대도시 10년 내 아파트 가운데에서도 ‘갭’(매매가와 전세가 차이) 크기가 1억원 미만인 사례를 어렵지 않게 찾을 수 있다.박원갑 국민은행 부동산수석전문위원은 “전세가율이 80%라는 건 세입자가 담보가치를 뛰어넘는 수준의 보증금을 냈다는 뜻”이라고 말했다. 비수도권 전세가율 평균이 올해 하반기 들어 조금씩 낮아지다가 8월 72.5%에서 지난달 72.8%로 반등 추세를 보인 것도 전세 사고 경고음을 울리고 있다는 지적이다.전세가율이 올라가면 갭 투자가 늘어나 매매가를 끌어올리는 현상도 나타나곤 한다. 하지만 서울 강남권 등 선호 지역이 아니라 지방에서 이 같은 흐름은 보기 힘들 것이란 전망이 나온다. 갭 투자는 기본적으로 시세차익을 노린 수요다. 지방 부동산 시장은 침체 장기화 등으로 시세차익을 기대하기 쉽지 않아서다.이인혁 기자 twopeople@hankyung.com"
금리 꺾이면 투자 수익 더 짭짤… 빌딩·상가에 돈 돌아오나[얼어붙은 ...,http://www.fnnews.com/news/202410231811344028,3면 1단,"과거 금리 인하때도 시장 활성화고금리 시기에 미뤘던 투자사업다시 늘어날 것이란 전망 확산내수부활 없인 어렵다는 분석도실제 화장품 매장 등 공실 늘어리테일 거래 당장 회복은 힘들듯부동산 업계는 최근 금리인하가 상업용 부동산 시장에 활력을 불어넣을 것으로 기대하고 있다. 저금리 기조로 인해 그동안 미뤄졌던 투자들이 내년에 본격적으로 이루어질 것이라는 전망이다. 다만 소비의 디지털화로 인해 상업용 부동산의 입지에 따라 옥석 가리기도 진행될 것이라는 분석이 나온다.■금리인하, 오랜만에 단비…입지에 따른 옥석가리기도 예상23일 부동산 업계에 따르면 상업용 부동산 관계자들은 최근 38개월 만에 단행된 금리인하로 인해 시장이 활발해질 것으로 전망하고 있다. 저금리 기조로 인해 아껴뒀던 투자액을 풀 때가 됐다는 것이다.업계 관계자는 ""드라이파우더(모은 투자금 중 아직 집행하지 않은 돈)가 최근 1~2년 동안 쌓여 있는 상태""라면서 ""금리가 꺾였으니 적체된 사업들이 내년엔 실질적인 거래로 이뤄질 것""이라고 봤다. 이어 ""부동산 투자회사들 대부분이 올해의 실적을 달성하지 못했기 때문에 내년에는 (올해 목표를) 달성하지 못한 부분까지 해야 한다는 심리가 있어 더 활발하게 거래가 이뤄질 것""이라고 덧붙였다.실제로 금리인하가 이뤄지며 시장에 온기가 감도는 분위기다.과거에도 금리가 낮았던 시기에 상업용 부동산이 상승곡선을 그렸기 때문에 이를 벤치마킹하겠다는 것이다. 대표적으로 코람코자산신탁은 지난 7~8일 구주주 대상 400억원 규모의 유상증자를 진행했는데 청약률이 106%에 달했다. 코람코자산신탁은 유증 자금을 '강남역 DF타워' 우선주 매입에 사용할 예정이다.박원갑 국민은행 부동산 수석전문위원은 ""상업용 부동산은 시중금리와 비교우위를 통해 투자 여부를 결정하는 수익형 상품""이라면서 ""내년에도 기준금리를 2~3회 낮출 것으로 예상되기에 거래가 활발해질 것으로 보인다""고 분석했다.■'오프라인 매장 쇠퇴' 장기적 과제 떠안은 리테일금리인하가 되더라도 상업용 부동산에 미치는 영향이 제한적일 것이라는 전망도 나온다. 권대중 서강대 부동산대학원 교수는 ""금리가 인하되더라도 곧바로 시장금리가 내려가지 않기 때문에 영향이 크다고 보기 어렵다""면서 ""정부가 나서서 실제 금리를 낮추고 내수경제가 살아나지 않으면 상업용 부동산의 장밋빛 미래는 전망하기 어려운 것이 현실""이라고 봤다.특히 리테일(판매) 부문은 장기적으로도 어렵다는 이야기가 나온다. 화장품가게, 옷가게 등 주로 최종 소비자에게 직접 서비스를 판매하는 매장들로 온라인 시장이 성장하면서 설 자리를 잃고 있기 때문이라는 것이다.직방에 따르면 지난해 리테일 부문 거래건수는 1662건으로 전년(2480건)에 비해 33% 감소했다.2000년대 중·후반까지만 해도 4000~6000건대였던 거래건수는 지난해 2000건 밑으로 내려왔다. 올해도 1421건(10월 18일 기준)을 기록하고 있는데 2000건을 돌파하기는 어려울 것으로 예상된다.박 위원은 ""지난해 기준으로 온라인 소비가 오프라인 소비보다 많아졌기에 입지에 따라 공실이 발생할 가능성이 존재한다""면서 ""거래가 활발해지더라도 이를 고려해 판단해야 할 것""이라고 했다.west@fnnews.com 성석우 전민경 기자※  저작권자 ⓒ 파이낸셜뉴스, 무단전재-재배포 금지"
"경찰, 부동산 담보 가치 부풀려 930억 불법대출 일으킨 일당 109명 검거",https://imnews.imbc.com/news/2024/society/article/6649382_36438.html,50분 전,"사회송정훈경찰, 부동산 담보 가치 부풀려 930억 불법대출 일으킨 일당 109명 검거경찰, 부동산 담보 가치 부풀려 930억 불법대출 일으킨 일당 109명 검거입력 2024-10-24 10:00|수정 2024-10-24 10:02가가가해당 기사를 북마크했습니다.확인내 북마크 보기페이스북트위터카카오 스토리카카오톡밴드링크 복사본문 복사레이어 닫기PreviousNext전체재생상세 기사보기재생목록연속재생닫기자료사진경기북부경찰청 반부패·경제범죄수사2대는 경남 창원, 경기 평택 등 전국 각지의 부동산개발업자들과 공모해 900억 원대 불법 대출을 일으킨 지역 새마을금고 임원 등 109명을 붙잡았습니다.서울의 한 새마을금고 임원으로 재직하던 이 50대 남성은 지난 2022년 7월부터 지난해 3월까지 대출 브로커와 공모해 933억원에 달하는 불법대출을 일으킨 혐의를 받고 있습니다.이들은 분양 실패로 자금난을 겪고 있는 전국 각지의 부동산개발업자들과 공모해, 허위 매수인들을 모집하고 허위 매매계약서를 작성해 대출을 신청하게 한 것으로 조사됐습니다.또, 이 과정에서 매매대금을 책정된 분양대금보다 높게 설정해 담보가치도 부풀린 것으로 파악됐습니다.이후 남성은 내부 시스템을 조작해 브로커가 지정한 감정평가사에게 감정을 의뢰하는 등의 수법으로 불법 대출을 내줬고, 해당 새마을금고는 부실 채권 여파로 인근의 다른 새마을금고로 흡수합병되기도 했습니다.경찰은 범행을 주도해 1백억 원 넘는 수수료를 챙긴 브로커와 고급 외제차 등을 제공받은 새마을금고 임원을 구속했으며, 범행에 가담한 부동산개발업자와 허위 매수인 등 다른 107명도 함께 검찰에 넘겼습니다.#새마을금고#불법대출가가가해당 기사를 북마크했습니다.확인내 북마크 보기페이스북트위터카카오 스토리카카오톡밴드링크 복사본문 복사레이어 닫기이 기사 어땠나요?좋아요훌륭해요슬퍼요화나요후속요청당신의 의견을 남겨주세요0/300등록최신순공감순반대순더보기이시각 주요뉴스많이 본 뉴스MBC포털SNS유튜브분야별 추천 뉴스관련 뉴스인기 키워드취재플러스14F엠빅뉴스"
"""전세보증금 못 돌려받으면 어떡하죠""…세입자들 '눈물'",https://www.hankyung.com/article/2024102346051,A27면 1단,"청주와 포항, 강릉, 목포 등 지방 주요 도시의 아파트 전세가율(매매가 대비 전세가 비율)이 80%를 웃도는 것으로 나타났다. 부동산 거래시장 침체가 이어지면서 전셋값보다 매매가격이 더 빠른 속도로 하락하고 있어서다. 통상 전세가율이 80%를 넘으면 ‘깡통전세’(전세금과 담보대출이 매매가를 웃도는 현상) 리스크가 있다고 본다. 비수도권 세입자의 주거 불안도 커지고 있다는 분석이 제기된다.이미지 크게보기○울진은 전세가율 90% 넘어23일 한국부동산원 임대차시장 사이렌에 따르면 지난달 기준 아파트 전세가율이 80% 이상인 지역은 총 19곳으로 집계됐다. 최근 1년간 동일 단지의 매매·전세 실거래 데이터를 바탕으로 산출한 값이다. 전세가율이 10% 미만이거나 200% 이상인 ‘아웃라이어’(평균치에서 크게 벗어난 이상치)는 계산에서 제외했다. 19곳 중 경기 이천(81.1%)을 제외한 18곳이 비수도권 지역이었다. 전북 익산(84.9%)과 충북 청주 서원구(83.2%), 강원 강릉(82.1%), 전남 목포(82.0%), 경북 포항 남구(81.9%) 등 지방 거점 도시도 포함됐다. 경북 울진(90.8%)은 전세가율이 90%를 넘었다.서울의 평균 전세가율은 57.9%에 불과하다. 용산구(45.9%), 강남구(46.5%) 등 서울 고가 지역과 비교하면 차이가 더 벌어진다. 일반적으로 전셋값은 사용가치를 바탕으로 형성되고, 매매가에는 미래가치가 반영되는 경향이 있다. 지방의 전세가율이 높은 건 해당 단지의 가격 상승 호재 등 미래가치 수준(분모)이 현재의 실거주가치(분자)와 크게 차이 나지 않는다고 보는 사람이 많다는 뜻으로 해석할 수 있다. 실거주하기 불편하지만, 투자가치가 높다고 평가받는 재건축 아파트의 전세가율이 낮게 나타나는 것과 반대 구조다.한국부동산원에 따르면 비수도권 아파트 매매가격은 10개월 연속 하락세를 보이고 있다. 지난 9월 기준 매매가 하락률(-0.06%)이 전세가 하락률(-0.01%)보다 크다. 부동산업계 관계자는 “비수도권에선 가격 상승에 대한 기대가 낮기 때문에 상대적으로 매수 대비 전세 수요가 크고, 전세가율이 높은 수준을 보인다”고 설명했다. 반면 서울 아파트는 지난달 기준 매매가(0.79% 상승)가 전세가(0.58% 상승)보다 더 크게 올라 대조를 이뤘다.○전셋값＞매매가 사례도높은 전세가율은 자칫 임차인(세입자)의 전세보증금 미반환 리스크로 이어질 수 있어 주의가 필요하다는 지적이 나온다. 지방에선 아파트 ‘몸값’보다 전세보증금이 더 비싼 사례도 발견할 수 있다. 예컨대 목포 상동주공4단지 전용면적 38㎡는 이달 4600만원(5층)에 손바뀜했다. 반면 같은 면적 6층 물건은 지난 6월 보증금 4935만원에 전세 세입자를 들였다. 청주와 포항 등 대도시 10년 내 아파트 가운데에서도 ‘갭’(매매가와 전세가 차이) 크기가 1억원 미만인 사례를 어렵지 않게 찾을 수 있다.박원갑 국민은행 부동산수석전문위원은 “전세가율이 80%라는 건 세입자가 담보가치를 뛰어넘는 수준의 보증금을 냈다는 뜻”이라고 말했다. 비수도권 전세가율 평균이 올해 하반기 들어 조금씩 낮아지다가 8월 72.5%에서 지난달 72.8%로 반등 추세를 보인 것도 전세 사고 경고음을 울리고 있다는 지적이다.전세가율이 올라가면 갭 투자가 늘어나 매매가를 끌어올리는 현상도 나타나곤 한다. 하지만 서울 강남권 등 선호 지역이 아니라 지방에서 이 같은 흐름은 보기 힘들 것이란 전망이 나온다. 갭 투자는 기본적으로 시세차익을 노린 수요다. 지방 부동산 시장은 침체 장기화 등으로 시세차익을 기대하기 쉽지 않아서다.이인혁 기자 twopeople@hankyung.com"
[부동산 라운지] 요즘 '로봇배달' 현관 앞까지 오네,https://www.mk.co.kr/article/11148350,A24면 1단,고양 힐스테이트 라피아노에 현대건설 한 달간 시범운영 후 내년 디에이치 에델루이 적용 삼성물산이어 로봇 배달 확산 사진 확대 현대건설 신축 아파트에서 로봇 배송이 이뤄진다. 23일 현대건설은 자율주행 배송 로봇(사진)을 개발하는 새싹기업(스타트업) '모빈'과 협력해 지난해 준공한 단독형 타운하우스인 경기 고양시 '힐스테이트 라피아노 삼송' 입주민을 대상으로 시범 운영한다고 밝혔다. 로봇은 이 단지 커뮤니티시설에 마련된 물류센터에서 출발해 입주민 가구 현관문 앞까지 배송 서비스를
"대전시 특사경, 부동산중개업 불법행위 2건 적발",https://www.yna.co.kr/view/AKR20241023047600063?input=1195m,1일 전,"송고시간2024-10-23 09:50 대전시 특별사법경찰은 지난 9월부터 최근까지 부동산중개업 불법행위 단속에 나서 2건을 적발했다고 23일 밝혔다. 특사경은 지역 부동산중개업을 대상으로 단속한 결과 속칭 '떴다방'을 차리며 불법 영업을 하는 등 중개사무소 설치기준을 위반한 중개업자 1명을 적발했다. [대전시 제공. 재판매 및 DB금지]  (대전=연합뉴스) 김준범 기자 = 대전시 특별사법경찰은 지난 9월부터 최근까지 부동산중개업 불법행위 단속에 나서 2건을 적발했다고 23일 밝혔다. 특사경은 지역 부동산중개업을 대상으로 단속한 결과 속칭 '떴다방'을 차리며 불법 영업을 하는 등 중개사무소 설치기준을 위반한 중개업자 1명을 적발했다. 또 중개수수료를 2배 이상 과도하게 많이 받은 또 다른 업자 1명도 단속망에 걸렸다. 특사경은 이들에 대한 수사를 마친 뒤 사건을 검찰에 송치할 예정이다. 특사경은 또 축산물을 제대로 보관하지 않거나 비산먼지 발생 억제 기준을 지키지 않은 업소 9곳을 적발해 관할 지방자치단체에 행정처분을 의뢰했다. 특사경 측은 오는 11월부터 두 달간 수산물 원산지표시 및 불법 의약품 제조 등을 중점적으로 단속할 계획이다. psykims@yna.co.kr 제보는 카카오톡 okjebo<저작권자(c) 연합뉴스,무단 전재-재배포, AI 학습 및 활용 금지>2024/10/23 09:50 송고"
"美 주택판매, 최악 상황…""고물가·모기지금리 상승에 관망세""",https://www.hankyung.com/article/202410245428i,3시간 전,"<YONHAP PHOTO-0457> A for sale sign stands outside a beach townhouse property in Newport Beach, California, U.S., on Saturday, Oct. 9, 2010. A halt in home foreclosures at the largest U.S. mortgage firms may sideline buyers worried about legal issues, further depressing sales at a time when distressed properties account for almost a quarter of all transactions. Photographer: Jamie Rector/Bloomberg/2010-10-18 08:03:01/
<????沅??? ?? 1980-2010 ???고?⑸?댁?? 臾대? ??? ?щ같? 湲?吏?.>미국의 기존 주택 판매가 1995년 이후 최악의 해를 기록할 것으로 예상됐다. 고물가에 주택담보대출(모기지) 금리 상승이 겹치며 주택 구매를 관망하는 흐름이 2년 연속 이어지고 있다는 분석이 나온다.미국 부동산중개인협회(NAR)는 23일(현지시간) ""올해 첫 9개월 동안 기존 주택 판매가 지난해 같은 기간보다 낮았다""고 발표했다. NAR에 따르면 9월 기존 주택 판매는 전월 대비 1% 감소해 연간 계절 조정된 384만 채로 집계됐다. 이는 2010년 10월 이후 가장 낮은 월간 판매율이다.경제학자들과 부동산 업계 임원들은 주택 판매가 부진했던 지난해 이후 올해는 활동이 증가할 것으로 예상했다. 하지만 중앙은행(Fed)이 지난달 금리를 인하한 뒤에도 예상보다 높은 모기지 금리가 유지되고 있어 주택 구매 여력이 낮다는 분석이다.미국 내 많은 지역에서 주택 재고가 역대 평균 수준 이하에 머물면서 집값은 계속해서 오르고 있다. 9월 미국 전국 기존 주택의 중간 가격은 40만4500달러로, 전년 대비 3% 증가했다. 주택 보험료 상승과 다가오는 대통령 선거도 잠재적 구매자들의 불확실성을 가중시키고 있다.NAR의 수석 경제학자인 로렌스 윤은 ""미국인들이 거의 이사를 하지 않고 있는 셈""이라며 ""연간 기준으로 2024년 전체의 기존 주택 판매량은 작년과 비슷하거나 약간 낮을 수 있다""고 예측했다. 연간 기준 주택 판매는 지난해에 이어 1995년 이후 최악을 기록할 것이란 설명이다.Fed의 통화정책 완화(기준금리 인하)를 앞두고 지난달 주택담보대출 금리는 2년 만에 최저치인 6.08%로 하락했다. 그러나 부동산 중개인들은 ""Fed의 금리 인하 움직임이 올해 너무 늦게 이루어져 구매자들을 유인하지 못했다""고 지적했다. 대부분 가정이 봄에 집을 구매하고 학기 사이에 이사를 선호한다는 점에서다.금리 완화 추세가 오래 지속되지도 않았다. 주택담보대출 금리는 다시 3주 연속 상승해 8월 이후 가장 높은 수준에 도달했다. 주택담보대출 금리는 대체로 10년 만기 미국 국채의 수익률을 따라간다. 하지만 최근 몇 년간 주택담보대출 금리와 10년물 국채 수익률 간의 스프레드(금리 차이)가 평년 수준보다 커지면서 차입 비용을 높였다.뉴저지의 부동산 중개사 마이클 리드는 ""금리가 다시 오르면서 시장의 숨통을 끊어 놓았다""고 말했다. 은행들은 주택담보대출채권을 상품으로 묶어 투자자들에게 판매한다. 모기지 채권 투자자들은 최근처럼 금리 변동성이 평소보다 높을 때 더 큰 수익을 요구한다. 주택담보대출은 안전자산인 국채 등보다 위험하기 때문이다.모기지은행협회의 수석 경제학자인 마이크 프라탄토니는 ""대선 불확실성과 최근 노동 및 인플레이션 데이터에 대한 불확실성도 모기지 금리 안정화에 도움이 되지 않았다""고 설명했다. 주택담보대출 신청은 모기지 금리가 오르면서 4주 연속 감소했다.이르면 올해 말 모기지 금리가 하락하면 주택 구매가 더 쉬워질 수 있다. 하지만 집값이 계속 오르면 그 이점이 상쇄될 것이란 전망이다. 미국 국책 모기지 기관 패니메가 9월에 1000명 이상의 사람들을 대상으로 한 설문조사에 따르면 42%가 앞으로 12개월 동안 모기지 금리가 하락할 것으로 예상하면서도 39%는 같은 기간 동안 집값이 상승할 것으로 전망했다.김리안 기자 knra@hankyung.com"
"대전시, 부동산중개업 불법행위 2건 적발",https://news.kbs.co.kr/news/pc/view/view.do?ncd=8089310&ref=A,9분 전,대전시 특별사법경찰은 지난달부터 부동산중개업 불법행위 단속에 나서 2건을 적발했습니다.적발 내용은 속칭 '떴다방'을 차려 불법 영업을 해 중개사무소 설치 기준을 위반한 중개업자와 중개수수료를 2배 이상 과도하게 많이 받은 경우입니다.특사경은 이들에 대한 수사를 마치는 대로 검찰에 송치할 예정입니다.특사경은 또 축산물을 제대로 보관하지 않거나 비산먼지 발생 억제 기준을 지키지 않은 업소 9곳을 적발해 관할 구청에 행정처분을 의뢰했습니다.
"IMF, 中 부양책에도 성장 전망 하향 ""부동산 더 나빠질 수도""",http://www.fnnews.com/news/202410231421594376,18시간 전,"IMF, 올해 中 GDP 성장률 4.8%로 0.2%p 하향中 부동산 시세 추가 하락 가능...내수 위축으로 전이 우려당국의 부동산 부양책 참고 했지만 효과는 아직 몰라지난 17일 중국 장쑤성 화이안에서 촬영된 아파트 건설 현장.AFP연합뉴스[파이낸셜뉴스] 국제통화기금(IMF)이 최근 중국 정부의 적극적인 경기 부양 대책에도 불구하고 올해 중국의 경제 성장률 전망치를 하향했다. IMF는 중국의 조치가 제대로 작동할지 아직 알 수 없다며 특히 부동산 시장 침체를 경계했다.22일(현지시간) 미국 경제매체 CNBC에 따르면 IMF는 이날 올해 4번째 세계경제전망(WEO) 보고서를 발표했다. 연간 4번의 WEO 보고서를 내놓는 IMF는 이번 보고서에서 중국의 올해 실질 국내총생산(GDP) 성장률 전망치를 지난 7월에 비해 0.2%p 낮춘 4.8%로 조정했다. 내년 전망치는 4.5%로 7월과 같았다.올해 GDP 성장률 목표를 ‘5% 안팎’으로 설정한 중국 정부는 지난 18일 발표에서 지난 3·4분기 실질 GDP가 전 분기 대비 4.6% 증가했다고 밝혔다.IMF는 이번 WEO 보고서에서 중국의 “부동산 판매와 투자가 위축되는 가운데 추가적인 가격 하락으로 시장의 상황이 더 나빠질 수 있다”고 평가했다. 중국의 부동산 시장은 GDP의 약 25%에 달할 정도로 중국 경제의 핵심이다.IMF는 1990년대 일본의 부동산 불황과 2008년 미국의 부동산 시장 붕괴를 언급하고 중국의 부동산 시세가 더 떨어질 수 있다고 내다봤다. 동시에 부동산 불황이 소비심리 악화, 가계 소비 감소, 내수 감소로 이어질 수 있다고 진단했다.코로나19 이후 불황 극복에 집중하고 있는 중국은 지난달 24일부터 은행 지급준비율을 포함해 다수의 정책 금리를 내렸으며, 지난 21일에는 사실상의 기준금리인 대출우대금리(LPR)까지 0.25%p 낮췄다.부동산 대책도 나왔다. 중국 랴오민 재정부 부부장(차관)은 이달 12일 지방정부가 특별 채권 발행으로 부동산 기업의 남는 토지나 미분양 주택을 살 수 있도록 장려한다고 밝혔다. 중국의 니훙 주택도시농촌건설부장(장관)은 17일 기자회견에서 우량 부동산 개발 업체 등을 선별해 은행 대출을 지원하겠다며 연말까지 자금 지원 규모를 4조위안(약 767조원)으로 늘린다고 밝혔다. 16일 기준 대출 규모는 2조2300억위안이었다.피에르 올리비에르 고린차스 IMF 수석 이코노미스트는 22일 CNBC를 통해 이번 WEO 보고서에 중국 정부의 경기 부양책 일부가 반영되었다고 말했다. 이어 “중국은 현재 올바른 방향으로 가고 있다”면서 “GDP 전망을 바꾸기에는 부족하다”고 설명했다. 그는 일부 정책들은 아직 분석 단계라 전망에 반영되지 않았다며 아직 효과를 판단하기는 이르다고 밝혔다.IMF는 22일 WEO 보고서에서 “중국 정부가 내수 진작을 위해 부양책을 꺼낼 경우 공공 재정에 부담을 준다”고 지적했다. 앞서 란포안 중국 재정부장(장관)은 12일 기자회견에서 ""중앙정부가 부채를 늘릴 수 있는 상대적으로 큰 여지를 갖고 있다""고 주장했다.한편 IMF는 중국 정부가 “특정 산업 영역에서 수출 보조를 위해 보조금을 제공한다면 무역 갈등을 초래할 수 있다”고 강조했다.pjw@fnnews.com 박종원 기자※  저작권자 ⓒ 파이낸셜뉴스, 무단전재-재배포 금지"
불황 속 부동산 판단 기준은...특급 입지와 희소성,https://www.hankyung.com/article/202410234430i,2시간 전,"최근 부동산 시장은 경기 둔화와 고금리 기조, 원자재 가격 상승 등 갖은 악재에도 입지와 상품성이 뛰어난 단지와 관심을 끈다. 불황일 때 빛나는 게 희소한 입지에 고급화된 설계라는 게 전문가들의 지적이다. 대표적인 사업지 중 하나가 '아크로 여의도 더원'이다.서울 영등포구 여의도동 신규 분양 주거 단지다. 금융 중심지인 여의도의 핵심 입지에 자리 잡고 있다. 여의도는 KRX 한국거래소, 금융감독원, 신한투자증권 등 유수의 금융기관이 밀집해 있는 지역이다.최근 여의도 금융중심 지구단위계획에 따라 초고층 건축물이 들어설 수 있는 금융특정개발진흥지구로 지정되면서 개발 가능성이 더욱 커졌다. 이러한 호재 속에서 아크로 여의도 더원은 입지적 희소성과 투자 가치를 인정받고 있다.여의도는 특히 신축 단지가 상대적으로 적어 신규 주거 상품에 대한 수요가 높다. 여의도 아파트 단지는 대부분 준공 40~50년 차로 노후화가 심각하다. 서울시는 지난해 높이 제한을 완화하고 재건축을 적극 지원하고 있다. 최근 10곳의 단지가 재건축을 추진 중이다. 그중 7곳은 조합 설립을 마쳤다. 여의도 아파트 가격이 상승세를 보이는 이유다. 최근 삼부아파트와 수정아파트가 각각 신고가를 경신했다.여의도공원에 제2세종문화회관이 조성될 예정이다. 63빌딩에는 퐁피두센터가 들어설 예정이어서 문화적 인프라도 더 확충될 전망이다. 풍부한 인프라와 직주 근접성을 갖춘 아크로 여의도 더원은 여의도 내 인기 주거지로 자리매김할 가능성이 높다.아크로 여의도 더원은 고급화된 설계와 차별화된 주거 환경을 제공한다. 대형타입에는 4-5베이 특화 설계를 적용해 공간 활용도를 높인다. 천장 높이도 일반 아파트(2.3m)보다 높은 2.6m로 설계돼 개방감을 키운다. 세라믹 타일 아트월, 세탁기, 건조기, 김치냉장고 등 무상 옵션을 제공해 입주자 편의를 높여준다. 또 단지 바로 옆 지하 통로를 통해 IFC몰과 더현대서울과 연결된다. 여의도 내 주요 상업 시설을 편리하게 이용할 수 있다.아크로 여의도 더원은 초기 자금 부담을 크게 줄일 수 있는 다양한 혜택을 제공하고 있다. 계약금(분양대금 5%)에 해당하는 금액은 무이자 대출 혜택을 받을 수 있다. 중도금(분양대금 60%) 전액 무이자로 지원해 계약금만 납부하면 입주 시기인 2026년까지 추가 자금 부담이 없다. 게다가 자금조달 계획서가 필요 없다. 취득세 중과 대상에서 제외된다는 점도 큰 장점으로 작용하고 있다.이러한 이유로 전용 49㎡, 59㎡, 99㎡ 타입은 분양이 끝났다. 나머지 호실도 빠르게 물량이 소진되고 있다.아크로 여의도 더원의 주택전시관은 서울 강남구 청담동에 있다. 사전 방문 예약을 통해 선착순 호실 지정을 진행하고 있다. 유오상 기자"
압구정 아파트도 5억 빠졌다…심상치 않은 상황에 '초긴장',https://www.hankyung.com/article/2024102200257,2일 전,"부동산 시장이 약세장에 접어들자 강남 3구 아파트값도 하락세를 보이고 있다. 서울 반포 일대 아파트 모습. 연합뉴스부동산 상승기에 가장 많이 오르고, 하락기에는 가장 늦게까지 집값을 방어하는 지역으로 꼽히는 서울 강남 3구(강남·서초·송파구) 아파트 가격이 하락하고 있다. 일부 단지는 직전 거래가 대비 매맷값이 수억 원씩 떨어졌다.22일 국토교통부 실거래가 공개시스템에 따르면 지난달 30일 서울 강남구 압구정동 한양1차 전용면적 49㎡(1층)는 20억8000만 원에 거래됐다. 이는 직전 거래가(25억7000만 원·7층) 대비 23.5%(4억9000만 원) 하락한 금액이다.같은달 22일 강남구 도곡동 타워팰리스3차 전용 141㎡도 직전 거래(40억 원) 대비 12%(4억 8000만 원) 떨어진 35억2000만 원에 거래 신고됐다.하락 거래는 서초·송파구에도 속속 등장하고 있다. 지난달 30일 서초구 서초동 삼풍아파트 전용 130㎡는 32억5000만 원(1층)에 거래되며, 전달 실거래가(36억 원·9층) 대비 약 10%(3억 5000만 원) 하락했다. 이달 들어 송파구 가락동 헬리오시티 전용 84㎡(11층)는 23억3000만 원에 손바뀜해 지난 9월 기록한 최고가(24억3000만 원) 대비 1억 원이 빠졌다.전문가들은 연말까지 서울 아파트 매맷값이 급격하게 반등하기는 어려울 것으로 본다. 대출 규제 등의 여파로 거래가 위축된 가운데 매물은 계속 쌓이고 있기 때문이다. 지난 8월 서울 아파트 거래량(7609건)은 전월(9518건) 대비 20%(1909건) 급감하며 8개월 만에 감소세로 전환했다. 또 △강남구(1만6059건→1만6999건, 5.8% 증가) △서초구(1만 2459건→1만 2756건, 2.3%) △송파구(1만 1220건→1만 2014건, 7.0%) 모두 한 달 전과 비교해 매물이 증가했다.송종현 기자"
[단독] 부동산 영끌·빚투 … 청년개인회생 급증,https://www.mk.co.kr/article/11148626,A25면 TOP,개인회생 10만건 육박 지난해 2030세대 9171건 전년대비 30% 이상 '껑충' 국내 가계대출자 275만명 빚 갚는데 연소득 70% 써 기업도 이자 부담에 '헉헉' 개인회생 사진 확대 개인회생은 미래에 수입을 얻을 가능성이 있는 채무자에게 일정 기간 빚을 일부 갚으면 나머지를 면제해주는 제도다. 개인회생 신청자가 증가했다는 것은 과다한 채무로 빚을 갚을 수 없거나 그럴 가능성이 있을 만큼 극한 상황에 놓인 서민들이 갈수록 늘어나고
"부동산 전세사기 예방, 대전시가 앞장선다",https://sports.donga.com/article/all/20241022/130268017/1,1일 전,"●공인중개사 교육 통해 전세사기 예방 강화 22일, 공인중개사 부동산 전세사기 피해예방 교육 모습. 사진제공｜대전시청 대전시는 22일, 지역 공인중개사 500여 명을 대상으로 ‘공인중개사 연수교육 연계 부동산 전세사기 피해예방 교육’을 실시하며 전세사기 예방에 적극적으로 나섰다. 최근 부동산 시장에서 전세사기가 사회적 문제로 대두됨에 따라 대전시는 공인중개사의 전문성을 강화하고 투명한 부동산 거래 질서를 확립하기 위해 이번 교육을 마련했다. 교육에서는 전세사기 유형과 사례, 계약 시 주의해야 할 점 등 실무 중심의 내용으로 구성돼 참가자들의 호응을 얻었다. 특히, 서용원 한국공인중개사협회 대전시회장과 조병문 교수는 공인중개사로서의 직업윤리 중요성을 강조하며, 투명하고 정직한 중개를 통해 서민들의 피해를 예방해야 한다고 강조했다. 대전시는 이번 교육뿐만 아니라, 올해 말까지 대학가와 다세대 주택 밀집 지역을 중심으로 공인중개사법 관련 준수 사항을 지속적으로 지도·단속할 계획이다. 또한, 수능을 마친 고등학교 3학년 학생들을 대상으로 ‘찾아가는 전세사기 피해예방 교육’을 진행해 청년층의 피해를 예방하기 위한 노력을 이어갈 예정이다. 이장우 대전시장은 “대전시는 그동안 전세피해지원센터를 설치 운영하고, 지원 조례를 제정해 실질적 주거지원책을 마련하는 등 전세사기 피해 지원 및 예방을 위해 대처해 왔다”며 “올바른 부동산 거래문화 정착과 국민의 재산권 보호를 위해 여기 계신 공인중개사 여러분들도 대전시와 한마음이 되어 노력해달라”고 당부했다. 대전｜장관섭 기자 localhn@donga.com 기자의 다른기사 더보기 장관섭 스포츠동아 기자"
부동산 투자 이론·실무 융합교육,https://www.mk.co.kr/article/11147107,B5면 1단,"부동산 최고위 과정 사진 확대 연세대학교 부동산 최고위 과정 입학식. 연세대학교 경영전문대학원 상남경영원(원장 박용석)은 내년 3월 '제6기 부동산 최고위 과정'을 개설한다. 이 과정은 빠르게 변하는 부동산 시장에서 미래를 선도할 리더들에게 최신 시장 동향과 투자 전략을 제공하는 것을 목표로, 부동산 최고경영자(CEO)와 각계 리더들의 전문성을 강화하기 위해 마련됐다. 고준석 제이에듀WM 대표가 이번 과정의 주임교수로 참여한다. 고 교수는 신한은행 부동산투자자문센터장과 프리빌리지서울센터장 등을 역임한"
인터넷銀 첫 자영업자 부동산 담보대출…연 3%대로 최대 10억원까지,https://www.hankyung.com/article/2024102348951,A19면 1단,"케이뱅크(행장 최우형·사진)는 인터넷 전문은행 최초의 개인사업자 대상 부동산담보대출인 ‘사장님 부동산담보대출’로 ‘한경핀테크대상’ 서비스 분야 최우수상(한국경제신문 사장상)을 받는다.케이뱅크가 지난 8월 내놓은 이 상품은 소상공인 등 개인사업자를 위한 인터넷은행 최초의 100% 비대면 부동산담보대출이다. 대출 한도는 신규 대출은 건당 5억원, 기존 운전자금 대출을 갈아타는 경우 건당 10억원까지다. 사업자등록증만 있으면 대출받을 수 있다. 신청부터 실행까지 모든 과정을 비대면으로 처리한다.대출 유형은 고정·변동금리 두 가지다. 금리는 두 유형 모두 지난 2일 기준 최저 연 3.58%다. 올해 2분기 5대 시중은행이 신용등급 1~3등급 차주에게 새로 내준 개인사업자 물적담보대출 평균 금리가 연 4.95%인 것을 감안하면 금리와 편의성을 모두 잡은 혁신 상품으로 꼽힌다. 대출 상환은 만기일시상환과 원금균등분할상환 중 선택할 수 있다. 만기일시상환 유형의 만기는 1·2·3년 중에서 고를 수 있다. 원금균등분할상환의 만기는 5년이다. 사장님 담보대출 출시로 기존에 부동산담보대출을 받은 개인사업자가 대출 갈아타기를 통해 금리를 낮추고, 이자 절감 혜택을 누릴 수 있게 됐다는 평가가 나온다. 케이뱅크 관계자는 “경기 악화로 운영자금 마련에 어려움을 겪는 소상공인 자영업자들이 사장님 부동산담보대출을 통해 경제적인 부담을 덜 수 있을 것으로 기대한다”고 말했다.케이뱅크는 이번 상품 출시를 위해 사업자등록증 내 업종 정보를 매출 신고 데이터와 비교·분석하는 인공지능(AI) 시스템을 자체 개발했다. 이 시스템은 고객이 스스로 신고한 업종과 매출 정보가 일치하는지 확인한다.케이뱅크는 사장님 부동산담보대출을 꾸준히 고도화하고 있다. 출시 당시 선순위 대출만 가능해 대출받으려면 담보물로 설정하려는 부동산에 다른 금융회사의 근저당이나 임대차 계약이 없어야 했다. 이에 케이뱅크는 지난달 사장님 부동산담보대출 범위를 후순위 대출로 확대했다. 아파트만 가능한 담보 물건도 오피스텔과 상가 등으로 확대할 계획이다. 2022년 인터넷은행 최초로 보증서 대출을 출시한 이후 신용대출과 사장님 통장에 이어 사장님 부동산담보대출까지 출시하며 개인사업자 상품을 늘려나가고 있다. 최우형 케이뱅크 행장은 “개인사업자 대상의 금융상품을 지속적으로 고도화해 기업금융 혁신을 향한 노력을 이어가겠다”고 강조했다.정의진 기자 justjin@hankyung.com"
"금리 인하요? ""요즘 집 안 팔려요” 한숨...절반도 돈 못 빌렸다 [부동산...",http://www.fnnews.com/news/202410220920188008,2일 전,"서울 아파트 전경. 사진=연합뉴스[파이낸셜뉴스] 정부가 주택담보 대출 문턱을 본격적으로 높이기 시작하면서 주택 매수 때 대출 비중이 서울의 경우 40%대까지 떨어진 것으로 나타났다. 집값의 절반도 못 빌린 셈이다. 또 근저당 설정 건수도 크게 감소하는 등 현금부자들만의 잔치가 되고 있다는 지적이다.22일 법원 등기정보광장에 따르면 지난 9월 서울 집합건물(아파트·오피스텔·빌라 등) 거래가액 대비 채권최고액 비율이 49.17%를 기록했다. 올해 들어 가장 낮은 수치다. 정부는 지난 9월부터 2단계 스트레스 총부채원리금상환비율(DSR) 시행 등 대출 옥죄기를 본격적으로 시행하고 있다.채권최고액은 은행이 돈을 빌려줄 때 갚으라고 요구할 수 있는 최대 금액이다. 통상 대출금의 120~130% 안팎으로 설정된다.비율이 감소했다는 것은 은행에서 빌리는 돈의 규모가 줄었다는 의미다.서울의 경우 집합건물 채권최고액 비율은 올 1~7월 50%대를 넘었다. 3월에는 58.04%를 기록하기도 했다. 하지만 8월에는 49.63%로 절반 이하로 떨어지더니 9월에는 49.17%로 더 주저 않았다.문재인 정부 때 집값이 급등하며 대출 옥죄기가 정점에 달한 지난 2020년과 2021년의 경우 비율이 각각 48.09%, 51.02%를 기록했다. 한 전문가는 ""문 정부 때는 지침으로 규제했고, 현 정부는 자율규제로 옥죄고 있다""며 ""오히려 명확한 규제 지침이 없다 보니 금융권별로 대출 가능 여부 및 금액 등이 달라 혼선은 더 커지는 모습이다""라고 지적했다.경기도 역시 채권최고액 비율이 지난 4월과 5월에는 70%를 넘기도 했다. 이후 8월에는 65.72%로 줄었고, 9월에는 63.26%를 기록했다. 9월 비중은 올들어 가장 낮은 수치다. 인천도 비율이 8월 73.34%에서 9월에는 71.89%로 감소했다.근저당 건수도 감소하고 있다. 거래가 줄어든 영향도 있지만 한편으로는 돈 빌리기가 여의치 않다는 의미이기도 하다.서울의 경우 근저당 설정등기 신청 건수가 8월 2만4855건에서 9월에는 1만9091건으로 23% 감소했다. 경기와 인천 등 다른 수도권 지역 역시 각각 22%·18% 줄어든 것으로 나타났다.아파트 매물도 늘어나는 모습이다.아실에 따르면 서울의 경우 지난 10월 19일 기준으로 8만9131건으로 조사 이후 역대 최고치를 찍기도 했다.고준석 연세대 상남경영원 교수는 “대출규제 이후 수요자들이 돈 있는 사람과 없는 사람 등 두 계층으로 나눠지고 있다”며 “금리 인하에도 자금여력이 부족한 수요자들의 경우 시장 진입이 어려운 상황이고, 반면 현금부자들은 매수에 나서면서 신고가를 만들어 내고 있다”고 말했다.윤지해 부동산R114 수석연구원은 “가격 저항감이 커져 있는 상황에서 돈 빌리는 것도 갈수록 어려워 지고 있다”며 “외곽지역의 경우 가격 문제가 아니라 대출이 안 나오고 줄어드니까 아예 못 사는 상황이 나타나고 있다”고 분석했다.ljb@fnnews.com 이종배 기자#부동산아토즈#채권최고액#근저당#등기정보광장※  저작권자 ⓒ 파이낸셜뉴스, 무단전재-재배포 금지"
"(주)KRC인터내셔널, 말레이시아 부동산·MM2H비자 관련 세미나 개최",http://www.fnnews.com/news/202410231625108941,18시간 전,"KRC인터내셔널은 오는 10월 25일 서울 강남구 삼정호텔에서 말레이시아 부동산과 새로운 MM2H 비자 조건에 관한 세미나를 개최한다고 밝혔다.이번 세미나에서는 말레이시아 경제특구 내 부동산 투자와 함께 최근 발표된 MM2H 비자의 신규 조건에 대해 상세히 설명할 예정이다. 이와 더불어 해외송금 및 세무 관련 정보도 제공된다.말레이시아의 대표적인 경제특구인 포레스트시티는 정부가 직접 투자하는 대규모 프로젝트로, 해외 투자자들의 주목을 받고 있다.MM2H(Malaysia My Second Home) 비자는 2006년부터 시행된 체류 비자로, 일정 조건을 충족하면 최소 5년에서 최대 20년까지 거주할 수 있다. 특히 최근 발표된 정책에 따르면, 말레이시아 경제특구 지역에 부동산을 분양받을 경우 10년 체류가 가능한 MM2H 비자를 취득할 수 있다.KRC인터내셔널 관계자는 ""과거에는 부동산과 비자가 별개였으나, 비자 조건이 변경되면서 두 요소가 밀접한 관계를 갖게 됐다""며 ""이번 세미나 참석자에게는 부동산 특별 할인, MM2H 비자 수속료 할인, 부부 골프회원권 제공 등 다양한 혜택을 제공할 예정""이라고 밝혔다.※  저작권자 ⓒ 파이낸셜뉴스, 무단전재-재배포 금지"
4만 달러 시대 부동산 투자법,https://weekly.donga.com/3/all/11/5232973/1,4일 전,"‘신축’을 대표하는 서울 가락동 ‘헬리오시티’. [뉴스1]1인당 국민소득 3만 달러를 넘어선 지 어느덧 10년 차를 맞았다(그래프 참조). 인구 5000만 명 이상 나라 가운데 국민소득 3만 달러를 넘어선 나라는 한국, 미국, 일본, 독일 등 7개국뿐이다. 한국 경제 수준이 선진국에 진입했다는 의미다. 2021년 유엔무역개발회의는 한국이 개도국에서 선진국 지위로 올라섰음을 공식 인정했다.‌다만 민심은 “과연 한국이 선진국인가”라는 의문을 던지고 있다. 이 의문의 근간에는 “한국이 선진국이 될 만한 ‘국격’을 갖추고 있는가”에 대한 고민이 담겨 있다. 필자는 ‘선진국 담론’이 들끓는 것 자체가 우리 사회가 ‘양’에서 ‘질’의 시대로, 그리고 그 너머 ‘격’의 시대로 진입하고 있음을 시사하는 증거라고 생각한다. 책 ‘격의 시대’를 쓴 김진영작가는 1인당 국민소득이 2만 달러에서 3만 달러로 접어드는 시점에 국민의 라이프스타일 등 생활의식과 사고체계가 큰 변화를 겪는다고 했다. 부동산 역시 ‘양의 시대’에서 ‘질의 시대’로 진입하며 부의 패러다임이 바뀌었다. 다가올 ‘격의 시대’ 징후들도 심심치 않게 포착돼 패러다임의 지각변동을 예고하고 있다. 격의 시대 특징은 눈에 보이는 것을 따지는 수준을 넘어 무형의 가치를 추구하고 인정하는 것이다. 여기서 무형의 가치란 오랜 숙성과 축적의 시간을 거쳐 자연스럽게 뿜어져 나오는, 누구나 인정하는 차원이 다른 품격을 의미한다. 따라서 격의 시대를 맞아 부동산 투자전략도 바뀌어야 한다.현재는 부동산 ‘질의 시대’과거 양의 시대를 대표하는 척도로는 ‘주택 보급률’이 있었다. “가구당 얼마나 많은 집이 공급됐는가”로 주거 수준을 측정하는 것이다. 건설된 주택의 유형은 무엇인지, 시공 품질이 어떠한지는 중요치 않다. 그저 목표한 숫자만큼 건설만 하면 된다. 이 단순 척도로 성패가 갈리던 속도전의 시기가 바로 ‘양의 시대’였다. 2008년 주택 보급률은 100%를 달성했다. 그리고 어느덧 16년이 지났다. 단순히 양적으로 보면 주택이 부족하지 않다는 얘기다. 그런데 일각에서는 여전히 주택이 부족하다는 말이 나온다. 보수·진보를 막론하고 정권마다 약속하는 ‘임기 내 수백만 채 주택 공급’은 부동산 정책의 단골 헤드라인이다. 주택 보급률 100% 시대에 ‘주택 부족’ 담론이 들끓고 있다는 것은 ‘양의 시대’를 떠나보내고 ‘질의 시대’ 한복판에 진입했다는 증거다.‌최근 국토교통부가 발표한 ‘제3차 장기 주거종합계획’에 따르면 주택 보급률 같은 양적 지표는 지난 10년간 꾸준히 증가했다. 다만 입주 30년 이상 된 고령 주택은 2010년 135만 채에서 2022년 449만 채로 3배가량 증가했으며, 빈집도 같은 기간 79만 채에서 124만 채로 빠르게 늘어났다. 이 기간 국민소득은 3만 달러를 돌파한 후 3만 달러 중반까지 치솟았다. 이에 따라 주거 질에 대한 민감도가 높아졌지만, 개발 골든타임 실기로 ‘살고 싶은 집’이 감소한 탓에 신축 희소가치가 더 커지고 있다. 현재 신축 가치를 대변하는 말은 ‘얼죽신’(얼어 죽어도 신축)이다. 그 대표 사례가 서울 송파구 가락동 ‘헬리오시티’와 잠실동 ‘엘리트’(엘스·리센츠·트리지움)다. 은마아파트나 잠실주공5단지를 보면 대단지 재건축이 얼마나 어려운지 알 수 있다. 설령 재건축이 진행되더라도 둔촌주공의 ‘공사 중단’ 사태가 시사하듯이 공사비 이슈로 제때 준공하기도 녹록지 않다. 이처럼 대단지 신축이 어렵다 보니 입지적으로 격차가 큰 ‘헬리오시티’와 ‘엘리트’이지만 국민 평형 가격은 큰 차이가 없다.‌국토연구원의 빅데이터 분석 결과에 따르면 저가 주택 군집지라도 대규모 재개발·재건축이 촉진될 경우 고가 주택 군집지와의 집값 격차가 완화된다. 이 연구 결과는 대규모 신축의 입주 이벤트가 전통적 입지위계와 상관없이 해당 지역 전반의 집값을 끌어올리는 트렌드를 지지하고 있다. 이를 근거로 질의 시대에 ‘틈새 기회 지역’을 찾을 수 있다. 바로 대규모 재개발·재건축 사업장 인근에 위치한 구축 단지다. 목동 신시가지 재건축 인근의 신월동 구축, 노량진 재개발 인근의 동작구 구축, 이문휘경뉴타운과 장위뉴타운 인근의 구축이다. 이곳들은 6억~9억 원대로 매입이 가능하면서 신축 개발의 후광 효과까지 누릴 수 있는 가성비 좋은 투자처다.주택 가치 복합적으로 따져야요즘 분양 단지의 청약 성적을 살펴보면 같은 단지의 같은 평형이라도 평면, 조망, 방향에 따라 청약률이 크게 엇갈린다. 이는 주택 가치를 복합적으로 따지는 질의 시대의 특징이다. 톱상형보다 판상형이, 판상형 중에서도 3베이보다 4베이가 더 높은 청약 경쟁률을 기록하고 있다. 조망이 좋은 층수는 분양가가 수천만 원 비싸도 더 높은 청약 경쟁률을 나타내기도 한다. 특히 지방은 남향 선호 현상이 커 남향이 서향 대비 2배 넘는 청약 경쟁률을 보이고 있다. ‘역세권’이라는 단어에서 파생돼 갈수록 풍성해지는 ‘N세권 사전’ 역시 각자의 라이프스타일을 추구하는 질의 시대를 상징한다. 질의 시대 부동산 상품성을 대표하는 키워드가 ‘얼죽신’이라면, 입지성을 대표하는 키워드로는 ‘얼어 죽어도  N세권’을 뜻하는 ‘얼죽세’가 있다.‌향후 10년 대한민국 주거 전략의 대계인 ‘제3차 장기 주거종합계획’의 4대 정책 방향 중 하나가 바로 ‘4만 달러 시대에 맞는 미래 녹색 주거환경 조성’이다. 국민소득 2만 달러에서 3만 달러로 도약이 ‘질의 시대’ 진입을 알렸다면, 4만 달러 진입은 ‘격의 시대’ 시작을 선포하게 될 것이다. 질의 시대를 대표하는 ‘얼죽신’ ‘얼죽세’가 눈에 보이는 스펙에 대한 집착이라면, 격의 시대에는 무형의 가치가 중시될 것으로 보인다.‌그렇다면 왜 주거종합계획에서는 4만 달러 시대와 녹색 주거를 연결했을까. 올여름 우리는 ‘뜨거워지는 지구’가 돌이킬 수 없는 미래라는 사실을 통감했다. 이제는 ‘생존’을 위해 지구와의 공존 시스템을 마련해야만 한다. 격의 시대에는 지속가능한 건강한 성장이 미덕이 될 것이다. 녹색기술로 건설된 저탄소 아파트가 인정받을 것으로 보인다. 다만 현재는 격의 시대로 가는 과도기다. 과도기에는 치러야 할 비용이 있다. 이는 ‘그린 플레이션’이라는 이름으로 나타나고 있다. 친환경 정책과 기술에 대한 투자 증가로 나타나는 물가 상승 현상을 의미하는 그린플레이션으로 건설비가 더욱 높아질 수밖에 없다. 또한 시대 전환의 과도기에는 틈새 투자처가 탄생한다. 기후온난화가 심각해질수록 ‘저온지대’ ‘준해안가’ 같은 입지가 놀라울 정도로 격상할 것으로 전망된다.‌김진영 작가는 격의 경험은 인간, 공간, 시간인 ‘3간’에서 발생한다고 했다. 격의 시대 부동산 3간의 가치는 어디서 올까. 아무리 신축이 좋다 한들 함께 사는 이웃이 불편하다면 ‘스위트홈’이 될 수 없다. 층간소음 분쟁, 경비원에 대한 갑질 등은 신축, 구축, N세권을 따지지 않고 발생한다. 함께 사는 입주민의 품위와 에티켓을 뜻하는 ‘민도’는 하루아침에 형성되는 것이 아닌, 오랫동안 다져진 아파트 단지 문화에 근간한다. 부동산 격의 시대에 인간과 맞닿아 있는 가치 잣대는 ‘민도’다. 지금 강남은 강북 명문고의 이전, 경부고속도로 건설, 테헤란로 조성, 서울지하철 2호선 개통 등으로 수십 년에 걸쳐 만들어졌다. 시간 흐름 속에 축적되는 평판은 도시의 격을 결정한다. 같은 N세권이라도 해당 역세권의 유동인구가 얼마인지, 해당 몰세권이 얼마나 고도화된 쇼핑 경험을 제공하는지, 같은 직주근접일지라도 관련 산업의 유망성이 어느 정도인지에 따라 그 도시의 평판과 부동산 가치가 엇갈리는 것이다.활력 넘치는 지역에 수요 쏠릴 듯부동산 격의 시대는 인구 감소와 고령화 사회에서 맞게 된다. 이때 부동산 가치 잣대는 ‘N세권의 평판’이다. 정부는 인구 감소 지역을 살리고자 ‘생활 인구’ 개념을 도입했으며, 최근에는 지역별 MBTI를 진단해 지역 맞춤형 회생 대책을 마련하고 있다. 액티브시니어는 요양시설이 아닌, 고품격 서비스가 제공되는 시니어 레지던스로 몰리고 있다. 이 모든 현상의 교집합에는 바로 ‘활력’이라는 테마가 자리 잡고 있다. 격의 시대에는 활력이 넘치는 곳으로 부동산 수요가 쏠릴 수밖에 없다. 부동산 투자의 성패는 시대 전환의 파도를 미리 파악해 그 시류에 얼마나 능숙하게 올라타느냐에 달렸다. 격의 시대 3대 가치 잣대인 ‘민도’ ‘N세권 평판’ ‘활력’에 근간을 둔 부동산 투자전략은 다가올 부의 물결을 놓치지 않게 해줄 것이다.*유튜브와 포털에서 각각 ‘매거진동아’와 ‘투벤저스’를 검색해 팔로잉하시면 기사 외에도 동영상 등 다채로운 투자 정보를 만나보실 수 있습니다."
"남양주, 여전히 판치는 “부동산 보조원 중개”",https://sports.donga.com/article/all/20241023/130274457/1,23시간 전,"중개보조원이 직접 물건을 중개하거나 공인중개사를 사칭했다면 1년 이하 징역 혹은 1000만원 이하 벌금형… 부동산 이미지(특정기사와 관련없음) 사기 부동산으로 재산을 탕진하고 자살까지 발생하여 사회 큰 문제점으로 발생하고 있다. 정부에서는 각종 정기점검과 단속을 통해 중개보조원이 계약에 관여하지 못하도록 하고 있음에도 중개보조원이 계약을 체결하는 경우가 여전한 것으로 나타나서 단속을 강화하고 있다. 남양주 다산동 A공인중개사사무소는 부동산을 매매를 소개하는 과정에서 공인중개사가 아닌 B씨가 소개하여 부동산 중개법위반 논란이 되고 있어 관계당국에서 사실관계를 확인하고 위반이 되었다면 단속이 시급한 실정이다. 지난 4월경 다산동 A공인중개사사무소는 구리시 인창동 건물 약 1천200㎡를 250여억 원에 거래를 성사시키면서 주도적으로 매물소개 가격 절차등을 B씨가 관여하여 위법이다는 논란이 확산되고 있으며 중개 수수료는 1억이 훨씬 넘는 것으로 전해지고 있다. 이에대해 지난달 28일 취재기자에게 A공인중개사사무소 중개사는 B씨가 컨선팅 자격을 가지고 있어 문제가 없다고 말했으며, B씨는 민원인이 어떻게 보냈는지는 모르겠으나 협박으로 본다.고 서슴없이 말하여 놀라움을 감출 수가 없었다. 이런 문제로 관련 법령에서는 중개보조원의 불법 중개 행위에 대한 정의와 처벌 규정을 명확히 하고 있다. 공인중개사법에 따르면 중개보조원은 개업공인중개사에 소속돼 중개대상물에 대한 현장안내나 일반 서무 등 단순 업무보조 역할만 해야한다. 자격증이 없으므로 직접 계약서를 작성하거나 계약 내용을 설명하는 행위는 할 수 없다. 만약 중개보조원이 직접 물건을 중개하거나 공인중개사를 사칭했다면 1년 이하 징역 혹은 1000만원 이하 벌금형에 처한다. 남양주ㅣ고성철 스포츠동아 기자 localkb@donga.com 기자의 다른기사 더보기 고성철"
"검찰, LS증권·현대건설 압수수색…부동산PF 관련",https://www.hankyung.com/article/2024102190516,2일 전,"LS증권. 사진=LS증권검찰이 직무상 정보를 이용해 사익을 추구한 혐의로LS증권과현대건설을 압수수색했다.21일 법조계에 따르면 서울중앙지검 반부패수사3부(부장 이승학)는 서울 여의도동 LS증권 본사와 서울 계동 현대건설 본사 등 10여곳을 압수수색했다. 대전 탄방동 홈플러스 부지 매입 등과 관련 자본시장법을 위반한 혐의다.앞서 금융감독원은 지난해 10~12월 다올투자증권, 메리츠증권, 이베스트투자증권(현 LS증권), 하이투자증권, 현대차증권 등 5개 증권사를 대상으로 부동산 프로젝트 파이낸싱(PF) 기획검사를 실시하고 관련 자료를 올 1월 검찰에 통보·고발했다.이 가운데 LS증권 임원 A씨는 자금 회수 가능성이 큰 4개 PF사업장과 관련한 직무상 정보를 확보해 본인 법인과 관련된 시행사들에 700억원을 사적으로 대여하고 수수료·이자 등 명목으로 40억원 상당액을 취한 혐의 등을 받고 있는 것으로 알려졌다.노정동 한경닷컴 기자 dong2@hankyung.com"
中 부동산 침체 속 3분기 성장률 4.6%…'5% 성장' 빨간불(종합2보),https://www.yna.co.kr/view/AKR20241018059153083?input=1195m,5일 전,"송고시간2024-10-18 14:47 중국이 올해 3분기 국내총생산(GDP) 성장률 4.6%를 기록했다고 중국 국가통계국이 18일 발표했다. 로이터·블룸버그통신이 각각 집계한 시장 전망치 4.5%를 소폭 웃도는 것이다. 중국 당국은 작년과 마찬가지로 올해 경제성장률 목표를 '5% 안팎'으로 정했으나 2분기에 이어 3분기에 성장률이 더 떨어지면서 1∼3분기 성장률 4.8%를 기록, 목표 달성에 적신호가 켜졌다는 관측이 나온다. [연합뉴스 자료사진]  (베이징·서울=연합뉴스) 정성조 특파원 이봉석 기자 = 중국이 올해 3분기 국내총생산(GDP) 성장률 4.6%를 기록했다고 중국 국가통계국이 18일 발표했다. 이는 로이터·블룸버그통신이 각각 집계한 시장 전망치 4.5%를 소폭 웃도는 것이다. 중국 경제매체 차이신은 3분기 성장률을 4.4%로 예상했다. 중국 경제는 작년 3분기 4.9%, 4분기 5.2%, 올해 1분기 5.3%를 기록하며 성장세를 이어오다 올해 2분기에는 4.7%의 둔화세로 돌아섰다. 중국 당국은 작년과 마찬가지로 올해 경제성장률 목표를 '5% 안팎'으로 정했으나 2분기에 이어 3분기에 성장률이 더 떨어지면서 1∼3분기 성장률 4.8%를 기록, 목표 달성에 적신호가 켜졌다는 관측이 나온다. 3분기 4.6% 성장률은 작년 1분기(4.5%) 이후 가장 낮은 성장률이기도 하다. 중국은 올해 내수와 부동산시장 침체가 이어지면서 경제 회복에 어려움을 겪고 있다. 건설 경기 둔화와 코로나19 봉쇄를 거치며 누적된 지방정부 부채 문제와 끊이지 않는 서방 진영과 무역 분쟁 등 중국 경제를 짓누르는 부담도 계속되는 중이다. 로이터는 ""중국 경제가 3분기에 예상보다 약간 더 성장했으나 장기화된 부동산 침체와 약한 소비가 걸림돌인 상황으로, 정책 결정권자들에 대한 추가 부양책 압박이 이어지고 있다""고 짚었다. 블룸버그는 ""2023년 3월 이후 가장 느린 성장세""라며 ""연간 성장률 목표를 달성하기 위해 추가 부양책이 필요하다""고 했다. 중국 국가통계국은 ""1∼3분기에는 복잡하고 준엄한 외부 환경과 국내 경제 운영상의 새로운 상황, 새로운 문제를 맞아 거시 조절 강도 강화와 국내 수요 확대, 증량정책(확장적 재정정책) 도입 등을 했다""며 ""9월에는 여러 생산·수요 지표가 호전됐고 시장 기대가 개선돼 경제 호전을 이끄는 긍정적 요인이 늘었다""고 자평했다. 국가통계국은 9월 산업 생산이 전년 동기 대비 5.4% 늘었고, 소매 판매는 3.2% 증가했다고 설명했다. 1∼9월 고정자산 투자는 전년 동기 대비 3.4% 늘었다. 그러나 1∼9월 부동산 개발 투자가 10.1% 줄어드는 등 경제 근간인 부동산 부문은 아직 침체를 벗어나지 못한 상황이다. 올해 9월까지 부동산업체들의 시공 면적은 총 71만5천968㎡으로 전년 동기에 비해 12.2% 줄었고, 신규 시공 면적은 22.4%, 준공 면적은 24.4% 각각 감소했다. 같은 기간 신축 부동산 판매 면적은 7만284㎡로 17.1%, 판매액은 총 6조8천880억위안(약 1천327조원)으로 22.7% 각각 줄었다. 9월 말 기준 미판매 부동산은 한해 전보다 13.4% 늘었다. 로이터통신은 국가통계국 데이터를 기반으로 계산한 결과 9월 중국 신축 주택 가격이 전년 대비 5.8% 하락해 2015년 5월 이후 가장 큰 폭으로 떨어졌다고 설명했다. 월간 비교를 해보면 9월 신축 주택 가격은 8월보다 0.7% 내려 15개월 연속 하락세를 이어갔다. 국가통계국은 1∼9월 전국 실업률이 5.1%로 전년 동기 대비 0.2%포인트(p) 떨어졌다고 덧붙였다. (서울=연합뉴스) 김영은 기자 0eun@yna.co.krX(트위터) @yonhap_graphics 페이스북 tuney.kr/LeYN1  xing@yna.co.kr 제보는 카카오톡 okjebo<저작권자(c) 연합뉴스,무단 전재-재배포, AI 학습 및 활용 금지>2024/10/18 14:47 송고"
"GTX 호재 떨어진 동탄 부동산 시장, 무순위 청약 열풍에 '술렁'",https://www.kgnews.co.kr/news/article.html?no=814320,2시간 전,"수도권광역급행철도(GTX) A노선 개통 이후 경기 화성 동탄 부동산 시장이 술렁이고 있다. 당초 예상했던 GTX 효과가 기대에 미치지 못하면서 아파트 가격이 하락하는가 하면, 반대로 무순위 청약에 수많은 사람들이 몰리는 등 예상치 못한 현상이 나타나고 있다. 24일 경기신문 취재를 종합하면 동탄역 시범한화 꿈에그린 프레스티지, 동탄역 호반써밋 등 주요 단지의 아파트 가격이 하락세를 보이며, GTX 개통 전과 비교해 상승세가 주춤해졌다. GTX-A 노선 개통으로 동탄역 인근 아파트 가격이 크게 상승할 것이라는 기대감이 높았지만, 실제로는 예상보다 미미한 효과를 보이고 있는 것이다. 국토교통부 실거래가 공개시스템에 따르면 지난달 동탄역 인근 ‘동탄역 시범한화 꿈에그린 프레스티지’ 전용면적 84㎡는 10억 8000만 원(5층)에 거래됐다. 8월 같은 주택형 11층 물건이 12억 6500만 원에 손바뀜한 것과 비교하면 한 달 새 몸값이 1억 8500만 원 떨어졌다. ‘동탄역 호반써밋’ 전용 84㎡는 동탄역 개통 전인 올해 2월 7억 8200만 원(22층)에 거래됐으나, 최근 7억 5000만 원(13층)에 매매되며 소폭 하락했다. GTX ‘약발’이 벌써 약해진 이유는 복합적이다. GTX-A 노선은 현재 동탄, 구성, 성남, 수서 등 단 네 개 역에서만 정차하며, 가장 수요가 많은 삼성역을 포함한 전 구간 완전 개통은 2028년 예정이어서 지금 당장 효과가 크지 않다. 또한, 긴 배차 간격도 단점으로 지적된다. 전반적인 부동산 시장 상황도 한몫했다. 수도권 아파트값은 4월부터 상승세를 보였지만, 지난달부터는 상승 폭이 둔화되고 있다. GTX 호재는 이미 시장에 반영되어 개통 이후 가격 상승 여력이 크지 않았다는 평가다. 전문가들은 GTX 호재에 대한 기대감이 높았던 만큼 실망감도 큰 상황이라며, 향후 부동산 시장은 개별 단지의 특성과 입지, 정부 정책 등 다양한 요인에 따라 차별화될 것으로 전망했다. 최원철 한양대 부동산융합대학원 교수는 “GTX 개통 초기에는 투자자들의 기대감으로 인해 투기성 수요가 몰렸으나, 실제 이용자들이 불편함을 느끼면서 호재가 끝났다는 인식이 확산되고 있다”며 “부동산 시장은 GTX라는 단일 변수만으로 설명하기 어려운 복잡한 상황”이라고 설명했다. 이러한 가운데 오는 25일 동탄에서 무순위 청약, 이른바 로또급 ‘줍줍’이 예정돼 있어 시장의 이목이 집중되고 있다. 업계에 따르면 경기 화성시 동탄2신도시 오산동에 ‘동탄역 디에트르 퍼스트지’ 계약 취소 물량으로 신혼부부 특별공급 1가구와 일반공급 1가구가 무순위 청약으로 다시 청약시장에 나올 예정이다. 이 단지는 지난 2021년 4월 분양 당시 1순위 청약에 24만 명이 넘는 지원자가 몰리면서 평균 경쟁률 809대 1을 기록, 역대 최고 경쟁률을 달성한 바 있다. 이에 지난 7월 ‘동탄역 롯데캐슬’ 무순위 청약 1가구 공급에 역대 최대 규모인 300만 명 가까이 몰리며 청약홈이 마비된 전례가 있어 또 다시 ‘줍줍 대란’이 일어나는 것 아니냐는 전망이 나온다. [ 경기신문 = 오다경 기자 ]"
"“여기 지나갈 때마다 철길때문에 불편했는데”…영등포·용산·신촌, 완...",https://www.mk.co.kr/article/11148767,3시간 전,"오세훈표 서울도심 대개조 市 지상철도 전구간 지하화 철도역, 종상향 고층 개발 용적률 1500% 달할 수도 초역세권 주택도 대거 확보 6개 노선·32개역 지하화 낙후된 서남·동북권 관통 인근 교통·부동산 지각변동 사진 확대 서울시 ‘지상철도 전 구간 지하화’ 계획의 핵심은 역사·역세권 복합개발이다. 서울시는 지하화 후 역사용지(171.5만㎡)는 업무·상업·문화시설 등으로 복합 개발해 사업비를 조달하고, 선로용지(122만㎡)는 대규모 선형 녹지공원으로 조성한다는 ‘투트랙 개발’을 들고 나왔다. 역사부지를 종상향"
철도역 터에 초고층빌딩·아파트 … 용산·영등포·신촌 대변신,https://www.mk.co.kr/article/11148464,A5면 TOP,"오세훈표 서울도심 대개조 … 서울 지상철도 전구간 지하화 철도역, 종상향 고층 개발 용적률 1500% 달할 수도 초역세권 주택도 대거 확보 상업개발 힘든 선형 선로엔 '제2 연트럴파크' 공원 조성 6개 노선·32개역 지하화 낙후된 서남·동북권 관통 인근 교통·부동산 지각변동 ◆ 서울 철도 지하화 ◆ 사진 확대 서울시 '지상 철도 전 구간 지하화' 계획의 핵심은 역사·역세권 복합개발이다. 서울시(시장 오세훈·사진)는 철도를 지하화한 후 역사"
"""옆집은 계속 오르던데"" 8월 부동산 거래 '시들'",http://www.fnnews.com/news/202410150934140739,1주 전,"부동산플래닛 8월 부동산거래 분석 결과월간 기준 올해 3번째로 낮은 거래량 기록대출규제  따라 부동산 시장 어려움 지속 전망서울 남산에서 바라본 시내 아파트 단지 모습. 사진=연합뉴스[파이낸셜뉴스] 지난 8월 전국 부동산 매매 시장의 거래량과 거래금액이 전월에 비해 두자릿수 하락률을 기록한 것으로 나타났다. 거래량의 경우 2월과 3월에 이어 올해 3번째로 낮은 수준을 기록했다.거래량 거래대금 두자릿수 감소...상가만 올라15일 빅데이터 및 인공지능(AI) 기반 상업용 부동산 전문기업 부동산플래닛에 따르면 8월 전국에서 이뤄진 부동산 거래는 전월(10만999건) 대비 10.6% 하락한 9만317건으로 집계됐다.월간 거래량 기준으로 지난 2월(7만8215건)과 1월(8만1594건)에 이어 올해 들어 3번째로 낮은 수준이다. 8월 한달 간 거래금액은 36조3463억원으로 전월(43조9300억원) 보다 17.3% 하락했다.유형별로는 연립·다세대가 전월 대비 0.2% 가량 소폭 증가한 것을 제외하고는 모든 유형의 거래량이 감소했다. 공장·창고 등(일반)이 22.4% 줄었고 공장·창고 등(집합) 17.2%, 상가·사무실 12.4%, 오피스텔 12.3%, 아파트 11.5%, 토지 11.4%, 상업·업무용빌딩 9%, 단독·다가구 6.2% 순으로 감소했다.거래금액 기준으로는 상가·사무실이 7월보다 25.2% 오른 것을 제외하고는 전부 감소세를 보였다.공장·창고 등(집합) 유형이 70.7% 급락한 것을 비롯해 공장·창고 등(일반) 31.9%, 아파트 20.2%, 토지 15.3%, 오피스텔 13.9%, 상업·업무용빌딩 13.1%, 단독·다가구 5.1%, 연립·다세대 4.7% 순으로 나타났다.8월 전국 17개 시도의 아파트 거래량은 4만2374건, 거래금액은 21조4360억원으로 각각 확인됐다. 이는 전월(4만7899건, 26조8668억원)에 비해 11.5%, 20.2%씩 감소한 수준이다.서울 거래량 감소세 뚜렷...대출규제 부담 지속 전망각 시도별로는 전국 17개 시도 가운데 13개 지역이 7월보다 거래량이 줄었으며 특히 서울을 포함한 수도권의 하락률이 상위권을 차지했다. 8월 서울 아파트 거래량은 5982건으로 전월(8653건) 대비 30.9% 내리며 가장 크게 감소했고 이어서 경기(14.8%, 1만2746건), 인천(7%, 2888건), 경남(6.6%, 2511건)과 부산(6.6%, 2469건) 등의 순이었다.거래금액에서는 총 11개 지역이 감소세를 보였다. 서울이 전월(10조6639억원) 보다 32.9% 내린 7조1508억원을 기록했다. 경기는 7조249억으로 19.3%가 줄었고 경남(6390억원) 10.7%, 부산(1조978억원) 8.5%, 인천(1조2034억원) 7.9% 등의 순으로 각각 하락했다.8월 전국에서 발생한 상가·사무실 거래량은 3554건으로 전월(4056건) 대비 12.4% 하락했다. 반면 거래금액은 25.2% 오른 2조1691억원을 기록하며 전체 부동산 유형 중 유일하게 상승했다.전국 오피스텔 거래량은 7월 2855건에서 8월 2505건으로 12.3% 감소하며 2개월 연속 하락 흐름을 보였다. 거래금액도 전월 6411억원에서 13.9% 내린 5520억원을 기록했다.정수민 부동산플래닛 대표는 ""아파트를 포함해 전반적으로 상승 흐름을 보였던 7월 전국 부동산 시장과 달리 8월은 감소세가 뚜렷했다""며 ""올해 전국 부동산 거래는 증감을 반복하며 우상향 그래프를 그리고 있는 모습이지만 7월 이후 시중은행의 대출금리 상승, 전세자금 대출에 대한 규제 강화, 비주택담보대출 연체율 증가로 인한 상업용 부동산 대출 시장 위축 등 대출 규제에 대한 유의미한 변화가 없는 한 당분간 부동산 시장의 어려움이 지속될 가능성이 있다""고 전했다.부동산플래닛 제공kim091@fnnews.com 김영권 기자※  저작권자 ⓒ 파이낸셜뉴스, 무단전재-재배포 금지"
현대차증권 3분기 영업이익 146억원…작년 대비 22% 증가,https://www.yna.co.kr/view/AKR20241023098200008?input=1195m,20시간 전,"송고시간2024-10-23 14:30 현대차증권[001500]은 올해 3분기 영업이익이 146억원으로 작년 같은 기간 대비 22.2% 증가했다고 23일 공시했다. 부동산 프로젝트펀드(PF) 리스크가 지속되면서 증권사들의 실적 기대감이 낮은 가운데서도 실적 반등에 성공했다는 평가다. 현대차증권 관계자는 ""올해 중점적으로 추진하고 있는 기업 체질 개선이 성과를 보이면서 실적 반등에 성공하게 됐다""며 ""내부통제 및 리스크관리 지속 강화를 통해 불확실한 경영환경에 대비하고, 수익구조 다변화를 통해 본격적으로 재도약하겠다""라고 밝혔다.   (서울=연합뉴스) 조민정 기자 = 현대차증권[001500]은 올해 3분기 영업이익이 146억원으로 작년 같은 기간 대비 22.2% 증가했다고 23일 공시했다. 당기순이익도 작년보다 13.9% 늘어 107억원을 기록했다. 부동산 프로젝트펀드(PF) 리스크가 지속되면서 증권사들의 실적 기대감이 낮은 가운데서도 실적 반등에 성공했다는 평가다. 부문별로는 기업금융(IB) 부문이 지난해보다 96% 증가한 순영업이익을 거뒀다. 인천 도화동 데이터센터 개발사업, 종로 관수동 오피스 개발사업, 화성시 물류센터 담보대출 등 대체투자 포트폴리오를 다변화한 전략이 주효했다고 회사는 설명했다. 리테일 부문에서도 거래대금 증가 및 VIP 고객관리 강화 등으로 양호한 실적을 냈다. 현대차증권은 올해 초 배형근 사장 취임 이후 단기 수익 창출보다는 잠재 리스크 해소를 우선으로 체질 개선에 나섰고, 상반기에만 164억원의 부동산 PF 충당금을 적립하면서 이후 추가 충당금 적립 부담이 낮아졌다고 설명했다. 분기별 부동산 PF 충당금 적립액은 작년 4분기 325억6천만원, 올해 1분기 82억9천만원, 2분기 81억1천만원이었는데, 3분기에는 40억원 수준으로 줄었다. 현대차증권 관계자는 ""올해 중점적으로 추진하고 있는 기업 체질 개선이 성과를 보이면서 실적 반등에 성공하게 됐다""며 ""내부통제 및 리스크관리 지속 강화를 통해 불확실한 경영환경에 대비하고, 수익구조 다변화를 통해 본격적으로 재도약하겠다""라고 밝혔다. chomj@yna.co.kr 제보는 카카오톡 okjebo<저작권자(c) 연합뉴스,무단 전재-재배포, AI 학습 및 활용 금지>2024/10/23 14:30 송고"
4만 달러 시대 부동산 투자법,https://weekly.donga.com/3/all/11/5232973/1,4일 전,"‘신축’을 대표하는 서울 가락동 ‘헬리오시티’. [뉴스1]1인당 국민소득 3만 달러를 넘어선 지 어느덧 10년 차를 맞았다(그래프 참조). 인구 5000만 명 이상 나라 가운데 국민소득 3만 달러를 넘어선 나라는 한국, 미국, 일본, 독일 등 7개국뿐이다. 한국 경제 수준이 선진국에 진입했다는 의미다. 2021년 유엔무역개발회의는 한국이 개도국에서 선진국 지위로 올라섰음을 공식 인정했다.‌다만 민심은 “과연 한국이 선진국인가”라는 의문을 던지고 있다. 이 의문의 근간에는 “한국이 선진국이 될 만한 ‘국격’을 갖추고 있는가”에 대한 고민이 담겨 있다. 필자는 ‘선진국 담론’이 들끓는 것 자체가 우리 사회가 ‘양’에서 ‘질’의 시대로, 그리고 그 너머 ‘격’의 시대로 진입하고 있음을 시사하는 증거라고 생각한다. 책 ‘격의 시대’를 쓴 김진영작가는 1인당 국민소득이 2만 달러에서 3만 달러로 접어드는 시점에 국민의 라이프스타일 등 생활의식과 사고체계가 큰 변화를 겪는다고 했다. 부동산 역시 ‘양의 시대’에서 ‘질의 시대’로 진입하며 부의 패러다임이 바뀌었다. 다가올 ‘격의 시대’ 징후들도 심심치 않게 포착돼 패러다임의 지각변동을 예고하고 있다. 격의 시대 특징은 눈에 보이는 것을 따지는 수준을 넘어 무형의 가치를 추구하고 인정하는 것이다. 여기서 무형의 가치란 오랜 숙성과 축적의 시간을 거쳐 자연스럽게 뿜어져 나오는, 누구나 인정하는 차원이 다른 품격을 의미한다. 따라서 격의 시대를 맞아 부동산 투자전략도 바뀌어야 한다.현재는 부동산 ‘질의 시대’과거 양의 시대를 대표하는 척도로는 ‘주택 보급률’이 있었다. “가구당 얼마나 많은 집이 공급됐는가”로 주거 수준을 측정하는 것이다. 건설된 주택의 유형은 무엇인지, 시공 품질이 어떠한지는 중요치 않다. 그저 목표한 숫자만큼 건설만 하면 된다. 이 단순 척도로 성패가 갈리던 속도전의 시기가 바로 ‘양의 시대’였다. 2008년 주택 보급률은 100%를 달성했다. 그리고 어느덧 16년이 지났다. 단순히 양적으로 보면 주택이 부족하지 않다는 얘기다. 그런데 일각에서는 여전히 주택이 부족하다는 말이 나온다. 보수·진보를 막론하고 정권마다 약속하는 ‘임기 내 수백만 채 주택 공급’은 부동산 정책의 단골 헤드라인이다. 주택 보급률 100% 시대에 ‘주택 부족’ 담론이 들끓고 있다는 것은 ‘양의 시대’를 떠나보내고 ‘질의 시대’ 한복판에 진입했다는 증거다.‌최근 국토교통부가 발표한 ‘제3차 장기 주거종합계획’에 따르면 주택 보급률 같은 양적 지표는 지난 10년간 꾸준히 증가했다. 다만 입주 30년 이상 된 고령 주택은 2010년 135만 채에서 2022년 449만 채로 3배가량 증가했으며, 빈집도 같은 기간 79만 채에서 124만 채로 빠르게 늘어났다. 이 기간 국민소득은 3만 달러를 돌파한 후 3만 달러 중반까지 치솟았다. 이에 따라 주거 질에 대한 민감도가 높아졌지만, 개발 골든타임 실기로 ‘살고 싶은 집’이 감소한 탓에 신축 희소가치가 더 커지고 있다. 현재 신축 가치를 대변하는 말은 ‘얼죽신’(얼어 죽어도 신축)이다. 그 대표 사례가 서울 송파구 가락동 ‘헬리오시티’와 잠실동 ‘엘리트’(엘스·리센츠·트리지움)다. 은마아파트나 잠실주공5단지를 보면 대단지 재건축이 얼마나 어려운지 알 수 있다. 설령 재건축이 진행되더라도 둔촌주공의 ‘공사 중단’ 사태가 시사하듯이 공사비 이슈로 제때 준공하기도 녹록지 않다. 이처럼 대단지 신축이 어렵다 보니 입지적으로 격차가 큰 ‘헬리오시티’와 ‘엘리트’이지만 국민 평형 가격은 큰 차이가 없다.‌국토연구원의 빅데이터 분석 결과에 따르면 저가 주택 군집지라도 대규모 재개발·재건축이 촉진될 경우 고가 주택 군집지와의 집값 격차가 완화된다. 이 연구 결과는 대규모 신축의 입주 이벤트가 전통적 입지위계와 상관없이 해당 지역 전반의 집값을 끌어올리는 트렌드를 지지하고 있다. 이를 근거로 질의 시대에 ‘틈새 기회 지역’을 찾을 수 있다. 바로 대규모 재개발·재건축 사업장 인근에 위치한 구축 단지다. 목동 신시가지 재건축 인근의 신월동 구축, 노량진 재개발 인근의 동작구 구축, 이문휘경뉴타운과 장위뉴타운 인근의 구축이다. 이곳들은 6억~9억 원대로 매입이 가능하면서 신축 개발의 후광 효과까지 누릴 수 있는 가성비 좋은 투자처다.주택 가치 복합적으로 따져야요즘 분양 단지의 청약 성적을 살펴보면 같은 단지의 같은 평형이라도 평면, 조망, 방향에 따라 청약률이 크게 엇갈린다. 이는 주택 가치를 복합적으로 따지는 질의 시대의 특징이다. 톱상형보다 판상형이, 판상형 중에서도 3베이보다 4베이가 더 높은 청약 경쟁률을 기록하고 있다. 조망이 좋은 층수는 분양가가 수천만 원 비싸도 더 높은 청약 경쟁률을 나타내기도 한다. 특히 지방은 남향 선호 현상이 커 남향이 서향 대비 2배 넘는 청약 경쟁률을 보이고 있다. ‘역세권’이라는 단어에서 파생돼 갈수록 풍성해지는 ‘N세권 사전’ 역시 각자의 라이프스타일을 추구하는 질의 시대를 상징한다. 질의 시대 부동산 상품성을 대표하는 키워드가 ‘얼죽신’이라면, 입지성을 대표하는 키워드로는 ‘얼어 죽어도  N세권’을 뜻하는 ‘얼죽세’가 있다.‌향후 10년 대한민국 주거 전략의 대계인 ‘제3차 장기 주거종합계획’의 4대 정책 방향 중 하나가 바로 ‘4만 달러 시대에 맞는 미래 녹색 주거환경 조성’이다. 국민소득 2만 달러에서 3만 달러로 도약이 ‘질의 시대’ 진입을 알렸다면, 4만 달러 진입은 ‘격의 시대’ 시작을 선포하게 될 것이다. 질의 시대를 대표하는 ‘얼죽신’ ‘얼죽세’가 눈에 보이는 스펙에 대한 집착이라면, 격의 시대에는 무형의 가치가 중시될 것으로 보인다.‌그렇다면 왜 주거종합계획에서는 4만 달러 시대와 녹색 주거를 연결했을까. 올여름 우리는 ‘뜨거워지는 지구’가 돌이킬 수 없는 미래라는 사실을 통감했다. 이제는 ‘생존’을 위해 지구와의 공존 시스템을 마련해야만 한다. 격의 시대에는 지속가능한 건강한 성장이 미덕이 될 것이다. 녹색기술로 건설된 저탄소 아파트가 인정받을 것으로 보인다. 다만 현재는 격의 시대로 가는 과도기다. 과도기에는 치러야 할 비용이 있다. 이는 ‘그린 플레이션’이라는 이름으로 나타나고 있다. 친환경 정책과 기술에 대한 투자 증가로 나타나는 물가 상승 현상을 의미하는 그린플레이션으로 건설비가 더욱 높아질 수밖에 없다. 또한 시대 전환의 과도기에는 틈새 투자처가 탄생한다. 기후온난화가 심각해질수록 ‘저온지대’ ‘준해안가’ 같은 입지가 놀라울 정도로 격상할 것으로 전망된다.‌김진영 작가는 격의 경험은 인간, 공간, 시간인 ‘3간’에서 발생한다고 했다. 격의 시대 부동산 3간의 가치는 어디서 올까. 아무리 신축이 좋다 한들 함께 사는 이웃이 불편하다면 ‘스위트홈’이 될 수 없다. 층간소음 분쟁, 경비원에 대한 갑질 등은 신축, 구축, N세권을 따지지 않고 발생한다. 함께 사는 입주민의 품위와 에티켓을 뜻하는 ‘민도’는 하루아침에 형성되는 것이 아닌, 오랫동안 다져진 아파트 단지 문화에 근간한다. 부동산 격의 시대에 인간과 맞닿아 있는 가치 잣대는 ‘민도’다. 지금 강남은 강북 명문고의 이전, 경부고속도로 건설, 테헤란로 조성, 서울지하철 2호선 개통 등으로 수십 년에 걸쳐 만들어졌다. 시간 흐름 속에 축적되는 평판은 도시의 격을 결정한다. 같은 N세권이라도 해당 역세권의 유동인구가 얼마인지, 해당 몰세권이 얼마나 고도화된 쇼핑 경험을 제공하는지, 같은 직주근접일지라도 관련 산업의 유망성이 어느 정도인지에 따라 그 도시의 평판과 부동산 가치가 엇갈리는 것이다.활력 넘치는 지역에 수요 쏠릴 듯부동산 격의 시대는 인구 감소와 고령화 사회에서 맞게 된다. 이때 부동산 가치 잣대는 ‘N세권의 평판’이다. 정부는 인구 감소 지역을 살리고자 ‘생활 인구’ 개념을 도입했으며, 최근에는 지역별 MBTI를 진단해 지역 맞춤형 회생 대책을 마련하고 있다. 액티브시니어는 요양시설이 아닌, 고품격 서비스가 제공되는 시니어 레지던스로 몰리고 있다. 이 모든 현상의 교집합에는 바로 ‘활력’이라는 테마가 자리 잡고 있다. 격의 시대에는 활력이 넘치는 곳으로 부동산 수요가 쏠릴 수밖에 없다. 부동산 투자의 성패는 시대 전환의 파도를 미리 파악해 그 시류에 얼마나 능숙하게 올라타느냐에 달렸다. 격의 시대 3대 가치 잣대인 ‘민도’ ‘N세권 평판’ ‘활력’에 근간을 둔 부동산 투자전략은 다가올 부의 물결을 놓치지 않게 해줄 것이다.*유튜브와 포털에서 각각 ‘매거진동아’와 ‘투벤저스’를 검색해 팔로잉하시면 기사 외에도 동영상 등 다채로운 투자 정보를 만나보실 수 있습니다."
"신한은행, '우수고객 세미나’ 개최…경제·부동산·대입 정보 제공",https://www.kgnews.co.kr/news/article.html?no=814097,1일 전,"신한은행이 오랫동안 거래해 온 우수고객을 대상으로 경제 시황, 부동산, 대학입시 등 다양한 맞춤형 정보를 제공하는 세미나를 개최했다. 신한은행은 지난 21일 서울시 강남구에 위치한 조선 팰리스 호텔에서 ‘2024 우수고객 초청 세미나’를 개최했다고 22일 밝혔다. 이번 행사는 경제 시황·부동산 강연 및 대학 입시 설명회 두 가지 세션으로 진행됐으며 약 400여명의 고객이 참석했다. 첫 번째 세션에서는 오건영 신한은행 프리미어 패스파인더 단장과 권영선 신한은행 부동산투자자문센터 애널리스트가 ‘국내외 경제 시황과 주거용 부동산 투자 전략’에 대해 소개했다. 두 번째 세션에서는 윤여정 윤앤고 입시컨설팅 컨설턴트가 2025년 대학입시전략에 대한 강의 및 학부모 고객들과의 질의응답 시간이 마련됐다. 세미나에 참석한 한 고객은 “고등학생 자녀를 둔 부모가 가장 관심 갖는 대학입시에 관한 고민도 해결하고 경제·부동산 투자 전략도 배울 수 있는 유익한 시간이었다”며 ”앞으로도 다양한 행사에 참여할 수 있는 기회가 많았으면 좋겠다”고 말했다. 신한은행 관계자는 “신한은행과 꾸준히 거래해 온 고객들께 다양한 맞춤형 정보를 제공하기 위해 이번 세미나를 기획했다”며 “금융뿐 아니라 교육, 문화 등 다양한 영역에서 양질의 정보를 제공하는 행사를 개최하기 위해 노력하겠다”고 전했다. [ 경기신문 = 고현솔 기자 ]"
“분당이 찐 부자?” 서울 부동산 가장 많이 사들인 구매자는 어디?,https://magazine.hankyung.com/business/article/202410217912b,3일 전,"경기·인천 지역에서 서울 부동산을 가장 많이 사들인 구매자는 경기 성남시 분당구 거주자인 것으로 나타났다.직방은 대법원 등기정보광장 자료를 토대로 올해 서울 소재 집합건물(아파트·오피스텔·다세대주택)을 매수한 경기·인천 거주자 1만9343명을 조사한 결과 이같이 나타났다고 21일 밝혔다.이 조사에서 분당 거주자 1220명이 서울에 주택을 사들인 것으로 나타났으며 이어 경기 남양주시 거주자(1174명), 경기 고양시 덕양구 1062명, 하남시 902명, 화성시 877명, 부천시 871명, 김포시 869명 등의 순이었다.분당 거주자들은 강남권역을 주로 사들였다. 서울 송파구 소재 집합건물 매수자가 175명으로 가장 많았고, 강남구 174명, 서초구 139명 등이었다. 강동구 매수자도 105명이었다.직방은 “생활권을 크게 벗어나지 않는 지역을 선호하는 동시에 상급지 갈아타기 수요가 더해진 영향 탓”이라고 분석했다.남양주시 거주자들이 많이 매수한 지역은 강동구(146명), 성동구(139명), 중랑구(133명), 노원구(80명), 송파구(78명) 등 남양주시와 비교적 가까운 지역이었다.강동구의 경우 지난 8월 지하철 8호선 별내역 연장으로 남양주시와 접근성이 개선됐다.고양시 덕양구 거주자들의 매수 지역은 은평구(182명), 마포구(97명), 서대문구(91명), 강서구(85명) 순으로 많았다.이는 은평구 매수 비중이 높은 것은 마포구나 서대문구보다 상대적으로 가격 진입장벽이 높지 않아 서울 입성을 노리는 실수요자 매수가 몰렸기 때문으로 풀이된다.하남시와 화성시의 서울 주택 매수도 많은 편이다. 하남시 거주자도 지리적으로 가까운 강동구(283명), 송파구(155명)에 매수가 집중되는 특징을 보였다.화성시 거주자의 매수 지역은 송파구(90명), 서초구(70명), 강남구(67명) 순이었다. 화성시의 경우 동탄신도시 등 지역 아파트값이 회복세를 보이자 강남권역으로 갈아타기 수요가 발생한 것으로 보인다.직방은 “경기·인천 거주자들은 서울 집합건물 매수 시 지리적으로 인접한 지역 위주로 매수하는 것으로 보인다”며 “직장이나 학교 등 기존 생활권을 어느 정도 유지하면서 거주 지역에서 멀지 않은 곳으로 부동산을 매수하는 것”이라고 분석했다.정유진 기자 jinjin@hankyung.com"
"남양주, 여전히 판치는 “부동산 보조원 중개”",https://sports.donga.com/article/all/20241023/130274457/1,23시간 전,"중개보조원이 직접 물건을 중개하거나 공인중개사를 사칭했다면 1년 이하 징역 혹은 1000만원 이하 벌금형… 부동산 이미지(특정기사와 관련없음) 사기 부동산으로 재산을 탕진하고 자살까지 발생하여 사회 큰 문제점으로 발생하고 있다. 정부에서는 각종 정기점검과 단속을 통해 중개보조원이 계약에 관여하지 못하도록 하고 있음에도 중개보조원이 계약을 체결하는 경우가 여전한 것으로 나타나서 단속을 강화하고 있다. 남양주 다산동 A공인중개사사무소는 부동산을 매매를 소개하는 과정에서 공인중개사가 아닌 B씨가 소개하여 부동산 중개법위반 논란이 되고 있어 관계당국에서 사실관계를 확인하고 위반이 되었다면 단속이 시급한 실정이다. 지난 4월경 다산동 A공인중개사사무소는 구리시 인창동 건물 약 1천200㎡를 250여억 원에 거래를 성사시키면서 주도적으로 매물소개 가격 절차등을 B씨가 관여하여 위법이다는 논란이 확산되고 있으며 중개 수수료는 1억이 훨씬 넘는 것으로 전해지고 있다. 이에대해 지난달 28일 취재기자에게 A공인중개사사무소 중개사는 B씨가 컨선팅 자격을 가지고 있어 문제가 없다고 말했으며, B씨는 민원인이 어떻게 보냈는지는 모르겠으나 협박으로 본다.고 서슴없이 말하여 놀라움을 감출 수가 없었다. 이런 문제로 관련 법령에서는 중개보조원의 불법 중개 행위에 대한 정의와 처벌 규정을 명확히 하고 있다. 공인중개사법에 따르면 중개보조원은 개업공인중개사에 소속돼 중개대상물에 대한 현장안내나 일반 서무 등 단순 업무보조 역할만 해야한다. 자격증이 없으므로 직접 계약서를 작성하거나 계약 내용을 설명하는 행위는 할 수 없다. 만약 중개보조원이 직접 물건을 중개하거나 공인중개사를 사칭했다면 1년 이하 징역 혹은 1000만원 이하 벌금형에 처한다. 남양주ㅣ고성철 스포츠동아 기자 localkb@donga.com 기자의 다른기사 더보기 고성철"
"검찰, LS증권·현대건설 압수수색…부동산PF 관련",https://www.hankyung.com/article/2024102190516,2일 전,"LS증권. 사진=LS증권검찰이 직무상 정보를 이용해 사익을 추구한 혐의로LS증권과현대건설을 압수수색했다.21일 법조계에 따르면 서울중앙지검 반부패수사3부(부장 이승학)는 서울 여의도동 LS증권 본사와 서울 계동 현대건설 본사 등 10여곳을 압수수색했다. 대전 탄방동 홈플러스 부지 매입 등과 관련 자본시장법을 위반한 혐의다.앞서 금융감독원은 지난해 10~12월 다올투자증권, 메리츠증권, 이베스트투자증권(현 LS증권), 하이투자증권, 현대차증권 등 5개 증권사를 대상으로 부동산 프로젝트 파이낸싱(PF) 기획검사를 실시하고 관련 자료를 올 1월 검찰에 통보·고발했다.이 가운데 LS증권 임원 A씨는 자금 회수 가능성이 큰 4개 PF사업장과 관련한 직무상 정보를 확보해 본인 법인과 관련된 시행사들에 700억원을 사적으로 대여하고 수수료·이자 등 명목으로 40억원 상당액을 취한 혐의 등을 받고 있는 것으로 알려졌다.노정동 한경닷컴 기자 dong2@hankyung.com"
中 부동산 침체 속 3분기 성장률 4.6%…'5% 성장' 빨간불(종합2보),https://www.yna.co.kr/view/AKR20241018059153083?input=1195m,5일 전,"송고시간2024-10-18 14:47 중국이 올해 3분기 국내총생산(GDP) 성장률 4.6%를 기록했다고 중국 국가통계국이 18일 발표했다. 로이터·블룸버그통신이 각각 집계한 시장 전망치 4.5%를 소폭 웃도는 것이다. 중국 당국은 작년과 마찬가지로 올해 경제성장률 목표를 '5% 안팎'으로 정했으나 2분기에 이어 3분기에 성장률이 더 떨어지면서 1∼3분기 성장률 4.8%를 기록, 목표 달성에 적신호가 켜졌다는 관측이 나온다. [연합뉴스 자료사진]  (베이징·서울=연합뉴스) 정성조 특파원 이봉석 기자 = 중국이 올해 3분기 국내총생산(GDP) 성장률 4.6%를 기록했다고 중국 국가통계국이 18일 발표했다. 이는 로이터·블룸버그통신이 각각 집계한 시장 전망치 4.5%를 소폭 웃도는 것이다. 중국 경제매체 차이신은 3분기 성장률을 4.4%로 예상했다. 중국 경제는 작년 3분기 4.9%, 4분기 5.2%, 올해 1분기 5.3%를 기록하며 성장세를 이어오다 올해 2분기에는 4.7%의 둔화세로 돌아섰다. 중국 당국은 작년과 마찬가지로 올해 경제성장률 목표를 '5% 안팎'으로 정했으나 2분기에 이어 3분기에 성장률이 더 떨어지면서 1∼3분기 성장률 4.8%를 기록, 목표 달성에 적신호가 켜졌다는 관측이 나온다. 3분기 4.6% 성장률은 작년 1분기(4.5%) 이후 가장 낮은 성장률이기도 하다. 중국은 올해 내수와 부동산시장 침체가 이어지면서 경제 회복에 어려움을 겪고 있다. 건설 경기 둔화와 코로나19 봉쇄를 거치며 누적된 지방정부 부채 문제와 끊이지 않는 서방 진영과 무역 분쟁 등 중국 경제를 짓누르는 부담도 계속되는 중이다. 로이터는 ""중국 경제가 3분기에 예상보다 약간 더 성장했으나 장기화된 부동산 침체와 약한 소비가 걸림돌인 상황으로, 정책 결정권자들에 대한 추가 부양책 압박이 이어지고 있다""고 짚었다. 블룸버그는 ""2023년 3월 이후 가장 느린 성장세""라며 ""연간 성장률 목표를 달성하기 위해 추가 부양책이 필요하다""고 했다. 중국 국가통계국은 ""1∼3분기에는 복잡하고 준엄한 외부 환경과 국내 경제 운영상의 새로운 상황, 새로운 문제를 맞아 거시 조절 강도 강화와 국내 수요 확대, 증량정책(확장적 재정정책) 도입 등을 했다""며 ""9월에는 여러 생산·수요 지표가 호전됐고 시장 기대가 개선돼 경제 호전을 이끄는 긍정적 요인이 늘었다""고 자평했다. 국가통계국은 9월 산업 생산이 전년 동기 대비 5.4% 늘었고, 소매 판매는 3.2% 증가했다고 설명했다. 1∼9월 고정자산 투자는 전년 동기 대비 3.4% 늘었다. 그러나 1∼9월 부동산 개발 투자가 10.1% 줄어드는 등 경제 근간인 부동산 부문은 아직 침체를 벗어나지 못한 상황이다. 올해 9월까지 부동산업체들의 시공 면적은 총 71만5천968㎡으로 전년 동기에 비해 12.2% 줄었고, 신규 시공 면적은 22.4%, 준공 면적은 24.4% 각각 감소했다. 같은 기간 신축 부동산 판매 면적은 7만284㎡로 17.1%, 판매액은 총 6조8천880억위안(약 1천327조원)으로 22.7% 각각 줄었다. 9월 말 기준 미판매 부동산은 한해 전보다 13.4% 늘었다. 로이터통신은 국가통계국 데이터를 기반으로 계산한 결과 9월 중국 신축 주택 가격이 전년 대비 5.8% 하락해 2015년 5월 이후 가장 큰 폭으로 떨어졌다고 설명했다. 월간 비교를 해보면 9월 신축 주택 가격은 8월보다 0.7% 내려 15개월 연속 하락세를 이어갔다. 국가통계국은 1∼9월 전국 실업률이 5.1%로 전년 동기 대비 0.2%포인트(p) 떨어졌다고 덧붙였다. (서울=연합뉴스) 김영은 기자 0eun@yna.co.krX(트위터) @yonhap_graphics 페이스북 tuney.kr/LeYN1  xing@yna.co.kr 제보는 카카오톡 okjebo<저작권자(c) 연합뉴스,무단 전재-재배포, AI 학습 및 활용 금지>2024/10/18 14:47 송고"
"검찰, '부동산 PF 사익 추구' LS증권·현대건설 압수수색",http://www.fnnews.com/news/202410211550264548,2일 전,"직무상 정보 활용해 사익 추구…자본시장법 위반 혐의사진=뉴시스[파이낸셜뉴스] 증권사 임직원이 직무상 정보를 활용해 사익을 추구했다는 의혹과 관련해 검찰이 LS증권과 현대건설 등을 압수수색했다.서울중앙지검 반부패수사3부(이승학 부장검사)는 21일 오전 서울 여의도동 LS증권 본사와 서울 계동 현대건설 본사 등 10여 곳을 자본시장법 위반 등 혐의로 압수수색 중이라고 밝혔다.검찰은 LS증권 임직원들이 현대건설이 참여한 부동산 프로젝트 파이낸싱(PF)에 자금을 지원하는 과정에서 알게 된 정보를 활용해 사적 이득을 취한 것으로 보고 있다.앞서 금융감독원은 지난해 10~12월 다올투자증권, 메리츠증권, 이베스트투자증권(현 LS증권), 하이투자증권, 현대차증권 등 5개 증권사를 대상으로 부동산 PF 기획검사를 실시하고 관련 자료를 올해 1월 검찰에 통보·고발했다.이 중 LS증권 임원 A씨는 자금 회수 가능성이 큰 4개 PF 사업장과 관련된 직무상 정보를 확보해 본인 법인과 관련된 시행사들에 700억원을 사적으로 대여하고 수수료·이자 등 명목으로 40억원 상당을 취한 혐의 등을 받고 있는 것으로 전해졌다.koreanbae@fnnews.com 배한글 기자※  저작권자 ⓒ 파이낸셜뉴스, 무단전재-재배포 금지"
"GTX 호재 떨어진 동탄 부동산 시장, 무순위 청약 열풍에 '술렁'",https://www.kgnews.co.kr/news/article.html?no=814320,2시간 전,"수도권광역급행철도(GTX) A노선 개통 이후 경기 화성 동탄 부동산 시장이 술렁이고 있다. 당초 예상했던 GTX 효과가 기대에 미치지 못하면서 아파트 가격이 하락하는가 하면, 반대로 무순위 청약에 수많은 사람들이 몰리는 등 예상치 못한 현상이 나타나고 있다. 24일 경기신문 취재를 종합하면 동탄역 시범한화 꿈에그린 프레스티지, 동탄역 호반써밋 등 주요 단지의 아파트 가격이 하락세를 보이며, GTX 개통 전과 비교해 상승세가 주춤해졌다. GTX-A 노선 개통으로 동탄역 인근 아파트 가격이 크게 상승할 것이라는 기대감이 높았지만, 실제로는 예상보다 미미한 효과를 보이고 있는 것이다. 국토교통부 실거래가 공개시스템에 따르면 지난달 동탄역 인근 ‘동탄역 시범한화 꿈에그린 프레스티지’ 전용면적 84㎡는 10억 8000만 원(5층)에 거래됐다. 8월 같은 주택형 11층 물건이 12억 6500만 원에 손바뀜한 것과 비교하면 한 달 새 몸값이 1억 8500만 원 떨어졌다. ‘동탄역 호반써밋’ 전용 84㎡는 동탄역 개통 전인 올해 2월 7억 8200만 원(22층)에 거래됐으나, 최근 7억 5000만 원(13층)에 매매되며 소폭 하락했다. GTX ‘약발’이 벌써 약해진 이유는 복합적이다. GTX-A 노선은 현재 동탄, 구성, 성남, 수서 등 단 네 개 역에서만 정차하며, 가장 수요가 많은 삼성역을 포함한 전 구간 완전 개통은 2028년 예정이어서 지금 당장 효과가 크지 않다. 또한, 긴 배차 간격도 단점으로 지적된다. 전반적인 부동산 시장 상황도 한몫했다. 수도권 아파트값은 4월부터 상승세를 보였지만, 지난달부터는 상승 폭이 둔화되고 있다. GTX 호재는 이미 시장에 반영되어 개통 이후 가격 상승 여력이 크지 않았다는 평가다. 전문가들은 GTX 호재에 대한 기대감이 높았던 만큼 실망감도 큰 상황이라며, 향후 부동산 시장은 개별 단지의 특성과 입지, 정부 정책 등 다양한 요인에 따라 차별화될 것으로 전망했다. 최원철 한양대 부동산융합대학원 교수는 “GTX 개통 초기에는 투자자들의 기대감으로 인해 투기성 수요가 몰렸으나, 실제 이용자들이 불편함을 느끼면서 호재가 끝났다는 인식이 확산되고 있다”며 “부동산 시장은 GTX라는 단일 변수만으로 설명하기 어려운 복잡한 상황”이라고 설명했다. 이러한 가운데 오는 25일 동탄에서 무순위 청약, 이른바 로또급 ‘줍줍’이 예정돼 있어 시장의 이목이 집중되고 있다. 업계에 따르면 경기 화성시 동탄2신도시 오산동에 ‘동탄역 디에트르 퍼스트지’ 계약 취소 물량으로 신혼부부 특별공급 1가구와 일반공급 1가구가 무순위 청약으로 다시 청약시장에 나올 예정이다. 이 단지는 지난 2021년 4월 분양 당시 1순위 청약에 24만 명이 넘는 지원자가 몰리면서 평균 경쟁률 809대 1을 기록, 역대 최고 경쟁률을 달성한 바 있다. 이에 지난 7월 ‘동탄역 롯데캐슬’ 무순위 청약 1가구 공급에 역대 최대 규모인 300만 명 가까이 몰리며 청약홈이 마비된 전례가 있어 또 다시 ‘줍줍 대란’이 일어나는 것 아니냐는 전망이 나온다. [ 경기신문 = 오다경 기자 ]"
"현금부자들만의 잔치… ""서민은 대출 안나와 집 못 살 판"" [부동산 아토...",http://www.fnnews.com/news/202410221826225706,23면 1단,"서울 주담대 비중 40%대로 하락9월 채권최고액 비율도 올해 최저은행서 빌리는 돈 규모 확연히 줄어근저당설정등기도 3개월째 감소자금여력 없으면 시장진입 어려워정부가 주택담보 대출 문턱을 본격적으로 높이기 시작하면서 주택 매수 때 대출 비중이 서울의 경우 40%대까지 떨어진 것으로 나타났다. 집값의 절반도 못 빌린 셈이다. 또 근저당 설정 건수도 크게 감소하는 등 현금부자들만의 잔치가 되고 있다는 지적이다.22일 법원 등기정보광장에 따르면 지난 9월 서울 집합건물(아파트·오피스텔·빌라 등) 거래가액 대비 채권최고액 비율이 49.17%를 기록했다. 올해 들어 가장 낮은 수치다. 정부는 지난 9월부터 2단계 스트레스 총부채원리금상환비율(DSR) 시행 등 대출 옥죄기를 본격적으로 시행하고 있다.채권최고액은 은행이 돈을 빌려줄 때 갚으라고 요구할 수 있는 최대 금액이다. 통상 대출금의 120~130% 안팎으로 설정된다.비율이 감소했다는 것은 은행에서 빌리는 돈의 규모가 줄었다는 의미다.서울의 경우 집합건물 채권최고액 비율은 올 1~7월 50%대를 넘었다. 3월에는 58.04%를 기록하기도 했다. 하지만 8월에는 49.63%로 절반 이하로 떨어지더니 9월에는 49.17%로 더 주저 않았다.문재인 정부 때 집값이 급등하며 대출 옥죄기가 정점에 달한 지난 2020년과 2021년의 경우 비율이 각각 48.09%, 51.02%를 기록했다.한 전문가는 ""문 정부 때는 지침으로 규제했고, 현 정부는 자율규제로 옥죄고 있다""며 ""오히려 명확한 규제 지침이 없다 보니 금융권별로 대출 가능 여부 및 금액 등이 달라 혼선은 더 커지는 모습이다""라고 지적했다.경기도 역시 채권최고액 비율이 지난 4월과 5월에는 70%를 넘기도 했다. 이후 8월에는 65.72%로 줄었고, 9월에는 63.26%를 기록했다. 9월 비중은 올들어 가장 낮은 수치다. 인천도 비율이 8월 73.34%에서 9월에는 71.89%로 감소했다.근저당 건수도 감소하고 있다. 거래가 줄어든 영향도 있지만 한편으로는 돈 빌리기가 여의치 않다는 의미이기도 하다.서울의 경우 근저당 설정등기 신청 건수가 8월 2만4855건에서 9월에는 1만9091건으로 23% 감소했다. 경기와 인천 등 다른 수도권 지역 역시 각각 22%·18% 줄어든 것으로 나타났다.아파트 매물도 늘어나는 모습이다.아실에 따르면 서울의 경우 지난 10월 19일 기준으로 8만9131건으로 조사 이후 역대 최고치를 찍기도 했다.고준석 연세대 상남경영원 교수는 ""대출규제 이후 수요자들이 돈 있는 사람과 없는 사람 등 두 계층으로 나눠지고 있다""며 ""금리 인하에도 자금여력이 부족한 수요자들의 경우 시장 진입이 어려운 상황이고, 반면 현금부자들은 매수에 나서면서 신고가를 만들어 내고 있다""고 말했다.윤지해 부동산R114 수석연구원은 ""가격 저항감이 커져 있는 상황에서 돈 빌리는 것도 갈수록 어려워 지고 있다""며 ""외곽지역의 경우 가격 문제가 아니라 대출이 안 나오고 줄어드니까 아예 못 사는 상황이 나타나고 있다""고 분석했다.ljb@fnnews.com 이종배 기자※  저작권자 ⓒ 파이낸셜뉴스, 무단전재-재배포 금지"
"""서울 부동산 가장 많이 사들인 수도권 구매자는 분당 거주자""",https://www.yna.co.kr/view/AKR20241021041300003?input=1195m,3일 전,"송고시간2024-10-21 09:51 경기·인천 지역에서 서울 부동산을 가장 많이 사들인 구매자는 경기 성남시 분당구 거주자인 것으로 조사됐다. 직방은 대법원 등기정보광장 자료를 토대로 올해 서울 소재 집합건물(아파트·오피스텔·다세대주택)을 매수한 경기·인천 거주자 1만9천343명을 조사한 결과 이같이 나타났다고 21일 밝혔다. 이 조사에서 분당 거주자 1천220명이 서울에 주택을 사들인 것으로 나타났다. (서울=연합뉴스) 권혜진 기자 = 경기·인천 지역에서 서울 부동산을 가장 많이 사들인 구매자는 경기 성남시 분당구 거주자인 것으로 조사됐다. 직방은 대법원 등기정보광장 자료를 토대로 올해 서울 소재 집합건물(아파트·오피스텔·다세대주택)을 매수한 경기·인천 거주자 1만9천343명을 조사한 결과 이같이 나타났다고 21일 밝혔다. 이 조사에서 분당 거주자 1천220명이 서울에 주택을 사들인 것으로 나타났다. 그다음으로 경기 남양주시 거주자(1천174명)가 많이 매수했다. 이어 경기 고양시 덕양구 1천62명, 하남시 902명, 화성시 877명, 부천시 871명, 김포시 869명 등의 순이었다. [직방 제공. 재판매 및 DB 금지]  분당 거주자들은 강남권역을 주로 매수했다. 서울 송파구 소재 집합건물 매수자가 175명으로 가장 많았고, 강남구 174명, 서초구 139명 등이었다. 강동구 매수자도 105명이었다. 생활권을 크게 벗어나지 않는 지역을 선호하는 동시에 상급지 갈아타기 수요가 더해진 영향으로 직방은 분석했다. 남양주시 거주자들이 많이 매수한 지역은 강동구(146명), 성동구(139명), 중랑구(133명), 노원구(80명), 송파구(78명) 등 남양주시와 비교적 가까운 지역이었다. 강동구의 경우 지난 8월 지하철 8호선 별내역 연장으로 남양주시와 접근성이 개선됐다. 고양시 덕양구 거주자들의 매수 지역은 은평구(182명), 마포구(97명), 서대문구(91명), 강서구(85명) 순으로 많았다. 서울 강북 도심권과의 접근성을 고려한 선택으로 추정된다. 은평구 매수 비중이 높은 것은 마포구나 서대문구보다 상대적으로 가격 진입장벽이 높지 않아 서울 입성을 노리는 실수요자 매수가 몰렸기 때문으로 풀이된다. [직방 제공. 재판매 및 DB 금지]  하남시와 화성시의 서울 주택 매수도 많은 편이다. 하남시 거주자도 지리적으로 가까운 강동구(283명), 송파구(155명)에 매수가 집중되는 특징을 보였다. 화성시 거주자의 매수 지역은 송파구(90명), 서초구(70명), 강남구(67명) 순이었다. 화성시의 경우 동탄신도시 등 지역 아파트값이 회복세를 보이자 강남권역으로 갈아타기 수요가 발생한 것으로 보인다. 삼성전자, 현대자동차 연구시설 등 대기업이 위치한 지리적 특성을 볼 때 투자 목적도 있는 것으로 추정된다. 직방은 ""경기·인천 거주자들은 서울 집합건물 매수 시 지리적으로 인접한 지역 위주로 매수하는 것으로 보인다""며 ""직장이나 학교 등 기존 생활권을 어느 정도 유지하면서 거주 지역에서 멀지 않은 곳으로 부동산을 매수하는 것""이라고 분석했다. lucid@yna.co.kr 제보는 카카오톡 okjebo<저작권자(c) 연합뉴스,무단 전재-재배포, AI 학습 및 활용 금지>2024/10/21 09:51 송고"
"“여기 지나갈 때마다 철길때문에 불편했는데”…영등포·용산·신촌, 완...",https://www.mk.co.kr/article/11148767,3시간 전,"오세훈표 서울도심 대개조 市 지상철도 전구간 지하화 철도역, 종상향 고층 개발 용적률 1500% 달할 수도 초역세권 주택도 대거 확보 6개 노선·32개역 지하화 낙후된 서남·동북권 관통 인근 교통·부동산 지각변동 사진 확대 서울시 ‘지상철도 전 구간 지하화’ 계획의 핵심은 역사·역세권 복합개발이다. 서울시는 지하화 후 역사용지(171.5만㎡)는 업무·상업·문화시설 등으로 복합 개발해 사업비를 조달하고, 선로용지(122만㎡)는 대규모 선형 녹지공원으로 조성한다는 ‘투트랙 개발’을 들고 나왔다. 역사부지를 종상향"
"""중도금 먹튀 당했어요""…'당근'으로 집 계약했다가 '날벼락'",https://www.hankyung.com/article/2024102459287,50분 전,"당근마켓 등 직거래 플랫폼을 통한 개인 간 부동산 직거래에서 피해 사례가 쏟아지고 있다.24일 국회 국토교통위원회 소속 윤종군 더불어민주당 의원(경기 안성시)이 당근마켓을 통해 받은 자료에 따르면 올해 9월까지 수사기관에서 당근마켓에 수사 협조를 의뢰한 건수는 9건이며, 피해 금액은 15억7675만원에 달했다.대표적인 피해 사례로는 중도금을 면목으로 돈을 입금하게 한 뒤 잠적하는 '먹튀' 방식이다. 당근마켓에서는 이를 방지하기 위해 게시글 작성자와 등기부상 소유자 일치 여부를 확인하는 '집주인 인증 기능'을 제공하고 있다.하지만 당근마켓이 제출한 자료에 따르면 전체 부동산 물건 5만건 중 집주인 인증이 된 매물은 23%에 그쳤다. 특히 소유자가 아닌 다른 사람이 허위로 정보를 작성해 매물을 올리는 데 아무런 지장이 없어 허위 매물, 미끼상품 피해가 우려된다.게시된 매물이 허위 매물인지 여부를 확인할 방법도 마땅치 않다. 개인 간 부동산 거래는 공인중개사법의 적용을 받지 않아 감시 대상이 될 수 없어서다.윤종군 의원은 ""직거래 플랫폼을 통한 개인 간 부동산 거래는 규제의 사각지대에 놓여 있어 주의가 필요하다""며 ""안전한 거래 시장 확립을 위해 하루빨리 제도가 뒷받침돼야 한다""고 전했다.이송렬 한경닷컴 기자 yisr0203@hankyung.com"
철도역 터에 초고층빌딩·아파트 … 용산·영등포·신촌 대변신,https://www.mk.co.kr/article/11148464,A5면 TOP,"오세훈표 서울도심 대개조 … 서울 지상철도 전구간 지하화 철도역, 종상향 고층 개발 용적률 1500% 달할 수도 초역세권 주택도 대거 확보 상업개발 힘든 선형 선로엔 '제2 연트럴파크' 공원 조성 6개 노선·32개역 지하화 낙후된 서남·동북권 관통 인근 교통·부동산 지각변동 ◆ 서울 철도 지하화 ◆ 사진 확대 서울시 '지상 철도 전 구간 지하화' 계획의 핵심은 역사·역세권 복합개발이다. 서울시(시장 오세훈·사진)는 철도를 지하화한 후 역사"
"""옆집은 계속 오르던데"" 8월 부동산 거래 '시들'",http://www.fnnews.com/news/202410150934140739,1주 전,"부동산플래닛 8월 부동산거래 분석 결과월간 기준 올해 3번째로 낮은 거래량 기록대출규제  따라 부동산 시장 어려움 지속 전망서울 남산에서 바라본 시내 아파트 단지 모습. 사진=연합뉴스[파이낸셜뉴스] 지난 8월 전국 부동산 매매 시장의 거래량과 거래금액이 전월에 비해 두자릿수 하락률을 기록한 것으로 나타났다. 거래량의 경우 2월과 3월에 이어 올해 3번째로 낮은 수준을 기록했다.거래량 거래대금 두자릿수 감소...상가만 올라15일 빅데이터 및 인공지능(AI) 기반 상업용 부동산 전문기업 부동산플래닛에 따르면 8월 전국에서 이뤄진 부동산 거래는 전월(10만999건) 대비 10.6% 하락한 9만317건으로 집계됐다.월간 거래량 기준으로 지난 2월(7만8215건)과 1월(8만1594건)에 이어 올해 들어 3번째로 낮은 수준이다. 8월 한달 간 거래금액은 36조3463억원으로 전월(43조9300억원) 보다 17.3% 하락했다.유형별로는 연립·다세대가 전월 대비 0.2% 가량 소폭 증가한 것을 제외하고는 모든 유형의 거래량이 감소했다. 공장·창고 등(일반)이 22.4% 줄었고 공장·창고 등(집합) 17.2%, 상가·사무실 12.4%, 오피스텔 12.3%, 아파트 11.5%, 토지 11.4%, 상업·업무용빌딩 9%, 단독·다가구 6.2% 순으로 감소했다.거래금액 기준으로는 상가·사무실이 7월보다 25.2% 오른 것을 제외하고는 전부 감소세를 보였다.공장·창고 등(집합) 유형이 70.7% 급락한 것을 비롯해 공장·창고 등(일반) 31.9%, 아파트 20.2%, 토지 15.3%, 오피스텔 13.9%, 상업·업무용빌딩 13.1%, 단독·다가구 5.1%, 연립·다세대 4.7% 순으로 나타났다.8월 전국 17개 시도의 아파트 거래량은 4만2374건, 거래금액은 21조4360억원으로 각각 확인됐다. 이는 전월(4만7899건, 26조8668억원)에 비해 11.5%, 20.2%씩 감소한 수준이다.서울 거래량 감소세 뚜렷...대출규제 부담 지속 전망각 시도별로는 전국 17개 시도 가운데 13개 지역이 7월보다 거래량이 줄었으며 특히 서울을 포함한 수도권의 하락률이 상위권을 차지했다. 8월 서울 아파트 거래량은 5982건으로 전월(8653건) 대비 30.9% 내리며 가장 크게 감소했고 이어서 경기(14.8%, 1만2746건), 인천(7%, 2888건), 경남(6.6%, 2511건)과 부산(6.6%, 2469건) 등의 순이었다.거래금액에서는 총 11개 지역이 감소세를 보였다. 서울이 전월(10조6639억원) 보다 32.9% 내린 7조1508억원을 기록했다. 경기는 7조249억으로 19.3%가 줄었고 경남(6390억원) 10.7%, 부산(1조978억원) 8.5%, 인천(1조2034억원) 7.9% 등의 순으로 각각 하락했다.8월 전국에서 발생한 상가·사무실 거래량은 3554건으로 전월(4056건) 대비 12.4% 하락했다. 반면 거래금액은 25.2% 오른 2조1691억원을 기록하며 전체 부동산 유형 중 유일하게 상승했다.전국 오피스텔 거래량은 7월 2855건에서 8월 2505건으로 12.3% 감소하며 2개월 연속 하락 흐름을 보였다. 거래금액도 전월 6411억원에서 13.9% 내린 5520억원을 기록했다.정수민 부동산플래닛 대표는 ""아파트를 포함해 전반적으로 상승 흐름을 보였던 7월 전국 부동산 시장과 달리 8월은 감소세가 뚜렷했다""며 ""올해 전국 부동산 거래는 증감을 반복하며 우상향 그래프를 그리고 있는 모습이지만 7월 이후 시중은행의 대출금리 상승, 전세자금 대출에 대한 규제 강화, 비주택담보대출 연체율 증가로 인한 상업용 부동산 대출 시장 위축 등 대출 규제에 대한 유의미한 변화가 없는 한 당분간 부동산 시장의 어려움이 지속될 가능성이 있다""고 전했다.부동산플래닛 제공kim091@fnnews.com 김영권 기자※  저작권자 ⓒ 파이낸셜뉴스, 무단전재-재배포 금지"
현대차증권 3분기 영업이익 146억원…작년 대비 22% 증가,https://www.yna.co.kr/view/AKR20241023098200008?input=1195m,20시간 전,"송고시간2024-10-23 14:30 현대차증권[001500]은 올해 3분기 영업이익이 146억원으로 작년 같은 기간 대비 22.2% 증가했다고 23일 공시했다. 부동산 프로젝트펀드(PF) 리스크가 지속되면서 증권사들의 실적 기대감이 낮은 가운데서도 실적 반등에 성공했다는 평가다. 현대차증권 관계자는 ""올해 중점적으로 추진하고 있는 기업 체질 개선이 성과를 보이면서 실적 반등에 성공하게 됐다""며 ""내부통제 및 리스크관리 지속 강화를 통해 불확실한 경영환경에 대비하고, 수익구조 다변화를 통해 본격적으로 재도약하겠다""라고 밝혔다.   (서울=연합뉴스) 조민정 기자 = 현대차증권[001500]은 올해 3분기 영업이익이 146억원으로 작년 같은 기간 대비 22.2% 증가했다고 23일 공시했다. 당기순이익도 작년보다 13.9% 늘어 107억원을 기록했다. 부동산 프로젝트펀드(PF) 리스크가 지속되면서 증권사들의 실적 기대감이 낮은 가운데서도 실적 반등에 성공했다는 평가다. 부문별로는 기업금융(IB) 부문이 지난해보다 96% 증가한 순영업이익을 거뒀다. 인천 도화동 데이터센터 개발사업, 종로 관수동 오피스 개발사업, 화성시 물류센터 담보대출 등 대체투자 포트폴리오를 다변화한 전략이 주효했다고 회사는 설명했다. 리테일 부문에서도 거래대금 증가 및 VIP 고객관리 강화 등으로 양호한 실적을 냈다. 현대차증권은 올해 초 배형근 사장 취임 이후 단기 수익 창출보다는 잠재 리스크 해소를 우선으로 체질 개선에 나섰고, 상반기에만 164억원의 부동산 PF 충당금을 적립하면서 이후 추가 충당금 적립 부담이 낮아졌다고 설명했다. 분기별 부동산 PF 충당금 적립액은 작년 4분기 325억6천만원, 올해 1분기 82억9천만원, 2분기 81억1천만원이었는데, 3분기에는 40억원 수준으로 줄었다. 현대차증권 관계자는 ""올해 중점적으로 추진하고 있는 기업 체질 개선이 성과를 보이면서 실적 반등에 성공하게 됐다""며 ""내부통제 및 리스크관리 지속 강화를 통해 불확실한 경영환경에 대비하고, 수익구조 다변화를 통해 본격적으로 재도약하겠다""라고 밝혔다. chomj@yna.co.kr 제보는 카카오톡 okjebo<저작권자(c) 연합뉴스,무단 전재-재배포, AI 학습 및 활용 금지>2024/10/23 14:30 송고"
"[단독] 검찰, LS증권·현대건설 압수수색…부동산PF 사익추구 혐의",https://www.joongang.co.kr/article/25285806,2일 전,"서울중앙지검 반부패수사3부(부장 이승학)는 21일 LS증권 본사와 현대건설 본사 등 10여곳을 압수수색했다. 연합뉴스검찰이 직무상 정보를 이용해 사익을 추구한 혐의로 21일 LS증권과 현대건설을 압수수색하고 있다. 서울중앙지검 반부패수사3부(부장 이승학)는 이날 서울 여의도동 LS증권 본사와 서울 계동 현대건설 본사 등 10여 곳을 압수수색했다. 대전 탄방동 홈플러스 부지 매입 등과 관련 자본시장법을 위반한 혐의다.앞서 금융감독원은 지난해 10~12월 다올투자증권, 메리츠증권, 이베스트투자증권(현 LS증권), 하이투자증권, 현대차증권 등 5개 증권사를 대상으로 부동산 프로젝트 파이낸싱(PF) 기획검사를 실시하고 관련 자료를 올 1월 검찰에 통보(수사의뢰)했다.검찰이 부동산PF 관련 자본시장법 위반 혐의 등으로 21일 압수수색한 LS증권 임원 A씨의 두 가지 부당이득 취득 구조. 사진 금융감독원이 가운데 LS증권 임원 A씨는 토지계약금대출 취급과 브릿지론·본PF 주선 등의 업무 과정에서 얻은 사업장 개발 진행정보 등을 이용해 500억원 상당을 부당하게 수취한 혐의를 받고 있다. A씨는 사실상 자신이 지배하는 건설사업관리(PM) 용역 법인을 통해 시행사 최대주주가 발행한 전환사채(CB)를 수천만원에 취득한 후, 이를 부동산 개발 사업이 완료되기 전 500억원 상당에 매각한 것으로 조사됐다.A씨는 또 자금 회수 가능성이 큰 4개 PF 사업장과 관련한 직무상 정보를 확보해 본인 법인과 관련된 시행사들에 700억원을 사적으로 대여하고 수수료·이자 등 명목으로 40억원 상당을 취한 것으로 파악됐다. 특히 사적 대여 5건 중 3건은 이자제한법상 최고금리 한도(당시 20%)를 위반하는 등 혐의를 받고 있다.김정민 기자 kim.jungmin4@joongang.co.kr"
"매경부동산플러스, 실전경매 교육과정 개설",https://www.mk.co.kr/article/11146936,1일 전,"12가지 실전 경매 투자법 온라인 수강생 모집! 사진 확대 따라하면 바로 돈이 되는 12가지 실전 경매 투자법 매경부동산플러스는 ‘따라하면 바로 돈이 되는 12가지 실전 경매 투자법’ 온라인 경매 교육과정을 개설했다. 본 강의는 12가지 경매 투자 방법을 소개하며 각각의 실제 사례를 통한 교육으로 실전에 바로 접목하여 활용할 수 있게 도와준다. 부동산 경매의 핵심 권리분석을 시작으로 아파트&다세대 경매 투자 방법, 배당을 활용한"
"""경기 '3천' 사람들이 여기로 가장 많이 이동했다고?""",http://www.fnnews.com/news/202410231041347563,23시간 전,"덕계역 한신더휴 포레스트.[파이낸셜뉴스] 최근 3년간 경기도에서 인구가 가장 많이 증가한 곳은 과천, 양주, 화성 순으로 나타났다. 정주 여건이 좋은 곳에 새 아파트가 공급되고 서울 접근성이 개선된데 따른 것으로, 이 지역을 중심으로 한 신규 분양에 관심이 모아지고 있다.23일 부동산시장 분석업체 부동산인포에 따르면 행정안전부 행정동별 주민등록 인구 및 세대현황을 분석한 결과 최근 3년(2021년 9월~2024년 9월) 동안 경기도에서 인구가 가장 많이 증가한 곳은 과천(22.5%)으로 나타났다. 양주가 21.1%로 2위를, 화성이 9.4% 증가해 3위를 각각 기록했다. 같은 기간 경기도 전체 평균 인구 증가율은 1.0%다.대규모 주택 공급이 많았고 서울 중심의 교통호재가 개선된 것이 이유로 꼽힌다. 과천은 준강남 입지에 재건축과 지식정보타운 내 공공주택 공급 이어졌고 화성도 올해 3월 동탄역에 GTX-A노선이 개통된데다 동탄2, 봉담지구 등에 입주가 이어졌다.양주는 덕계역에 GTX-C노선이 정차 예정이고 옥정신도시 입주에 기존 1호선 뿐만 아니라 서울지하철 7호선 연장도 공사가 진행 중이다.서울~양주 고속도로(계획), 동부간선도로 지하화(예정) 등이 추진 중인 점도 호재다. 수도권제2순환고속도로도 양주에서 서쪽을 잇는 파주~김포 구간 역시 공사가 한창이며, 양주~파주 구간은 올해 말 계통 예정이다.권일 부동산인포 리서치 팀장은 ""인구 증가는 단순히 주택 공급 때문이 아니라 인프라 개선과 더불어 정주 여건의 질적 향상이 맞물려 나타난 현상으로 볼 수 있다""면서 ""특히 GTX 개통과 같은 광역 교통망 확충은 서울 접근성을 극대화해 경기권 주거 선호도를 크게 높였고, 이에 따라 수도권 외곽 지역 인구 유입과 부동산 가치 상승은 지속될 것으로 본다""고 말했다.이들 지역 내 분양을 앞둔 새 아파트에도 관심이 쏠린다. 양주에서는 한신공영이 시공하는 '덕계역 한신더휴 포레스트' 아파트가 10월 말 분양 예정이다. 전용면적 75·84㎡ 총 724가구로 조성된다. 지하철 1호선 덕계역을 이용할 수 있으며 덕정역에서 왕십리, 삼성역 등을 잇는 GTX-C 개통이 계획돼 있어 환승 역시 편리해진다. 입주민을 위한 셔틀버스(주요 동선 운행)도 제공 예정이며 단지 내 종로엠스쿨이 들어설 예정이다.자연을 소재로 한 다채로운 테마정원을 비롯해 도락산과 연계된 둘레길 등 아파트 내부 곳곳에 조경특화 시설을 계획하고 있어 쾌적한 주거환경을 기대할 수 있다는 설명이다.덕계역 한신더휴 포레스트 분양 관계자는 ""연천, 동두천, 포천 등 이른바 경기 북부 '삼천' 지역에서 양주로 유입이 많았고 탈 서울로 내집마련에 나서려는 고객들의 문의도 꾸준한 상황""이라고 말했다.이밖에 과천에서는 GS건설이 '프레스티어자이' 당첨자 계약을 10월 28일부터 30일까지 진행한다. 총 1445가구 대단지로 정부과천청사역이 도보 3분 거리에 위치한다.화성도 연내 남양뉴타운에서 328가구, 장안지구에서 1500여가구 공급이 계획돼 있다.부동산인포 제공kim091@fnnews.com 김영권 기자※  저작권자 ⓒ 파이낸셜뉴스, 무단전재-재배포 금지"
"""서울 부동산 가장 많이 사들인 수도권 구매자는 분당 거주자""",https://imnews.imbc.com/news/2024/econo/article/6648245_36452.html,2일 전,"경제박영일""서울 부동산 가장 많이 사들인 수도권 구매자는 분당 거주자""""서울 부동산 가장 많이 사들인 수도권 구매자는 분당 거주자""입력 2024-10-21 10:53|수정 2024-10-21 10:54가가가해당 기사를 북마크했습니다.확인내 북마크 보기페이스북트위터카카오 스토리카카오톡밴드링크 복사본문 복사레이어 닫기PreviousNext전체재생상세 기사보기재생목록연속재생닫기[자료사진]경기·인천 지역에서 서울 부동산을 가장 많이 사들인 구매자는 경기 성남시 분당구 거주자인 것으로 조사됐습니다.부동산 플랫폼 직방은 대법원 등기정보광장 자료를 토대로 올해 서울 소재 아파트와 오피스텔 등 집합건물을 매수한 경기·인천 거주자 1만 9천343명을 조사한 결과 이같이 나타났다고 밝혔습니다.서울에 주택을 산 지역별 거주자는 분당이 1천220명으로 가장 많았고 남양주시 1천174명, 고양시 덕양구 1천62명, 하남시 902명 등으로 조사됐습니다.분당 거주자들은 송파구와 강남구 등 강남권역을 주로 매수했고, 남양주시 거주자들은 강동구와 성동구, 중랑구 등을, 고양시 덕양구 거주자들은 은평구와 마포구, 서대문구 등을 많이 구입한 것으로 파악됐습니다.직방은 생활권을 크게 벗어나지 않는 지역을 선호하는 동시에 상급지 갈아타기 수요가 더해진 영향이라고 분석했습니다.#부동산#주택거래#갈아타기#매매가가가해당 기사를 북마크했습니다.확인내 북마크 보기페이스북트위터카카오 스토리카카오톡밴드링크 복사본문 복사레이어 닫기이 기사 어땠나요?좋아요훌륭해요슬퍼요화나요후속요청당신의 의견을 남겨주세요0/300등록최신순공감순반대순더보기이시각 주요뉴스많이 본 뉴스MBC포털SNS유튜브분야별 추천 뉴스관련 뉴스인기 키워드취재플러스14F엠빅뉴스"
