Title,Link,Date,Content,Key_Location,Location_Category
“분당이 찐 부자?” 서울 부동산 가장 많이 사들인 구매자는 어디?,https://magazine.hankyung.com/business/article/202410217912b,1일 전,"경기·인천 지역에서 서울 부동산을 가장 많이 사들인 구매자는 경기 성남시 분당구 거주자인 것으로 나타났다.직방은 대법원 등기정보광장 자료를 토대로 올해 서울 소재 집합건물(아파트·오피스텔·다세대주택)을 매수한 경기·인천 거주자 1만9343명을 조사한 결과 이같이 나타났다고 21일 밝혔다.이 조사에서 분당 거주자 1220명이 서울에 주택을 사들인 것으로 나타났으며 이어 경기 남양주시 거주자(1174명), 경기 고양시 덕양구 1062명, 하남시 902명, 화성시 877명, 부천시 871명, 김포시 869명 등의 순이었다.분당 거주자들은 강남권역을 주로 사들였다. 서울 송파구 소재 집합건물 매수자가 175명으로 가장 많았고, 강남구 174명, 서초구 139명 등이었다. 강동구 매수자도 105명이었다.직방은 “생활권을 크게 벗어나지 않는 지역을 선호하는 동시에 상급지 갈아타기 수요가 더해진 영향 탓”이라고 분석했다.남양주시 거주자들이 많이 매수한 지역은 강동구(146명), 성동구(139명), 중랑구(133명), 노원구(80명), 송파구(78명) 등 남양주시와 비교적 가까운 지역이었다.강동구의 경우 지난 8월 지하철 8호선 별내역 연장으로 남양주시와 접근성이 개선됐다.고양시 덕양구 거주자들의 매수 지역은 은평구(182명), 마포구(97명), 서대문구(91명), 강서구(85명) 순으로 많았다.이는 은평구 매수 비중이 높은 것은 마포구나 서대문구보다 상대적으로 가격 진입장벽이 높지 않아 서울 입성을 노리는 실수요자 매수가 몰렸기 때문으로 풀이된다.하남시와 화성시의 서울 주택 매수도 많은 편이다. 하남시 거주자도 지리적으로 가까운 강동구(283명), 송파구(155명)에 매수가 집중되는 특징을 보였다.화성시 거주자의 매수 지역은 송파구(90명), 서초구(70명), 강남구(67명) 순이었다. 화성시의 경우 동탄신도시 등 지역 아파트값이 회복세를 보이자 강남권역으로 갈아타기 수요가 발생한 것으로 보인다.직방은 “경기·인천 거주자들은 서울 집합건물 매수 시 지리적으로 인접한 지역 위주로 매수하는 것으로 보인다”며 “직장이나 학교 등 기존 생활권을 어느 정도 유지하면서 거주 지역에서 멀지 않은 곳으로 부동산을 매수하는 것”이라고 분석했다.정유진 기자 jinjin@hankyung.com",경기,서울 외
압구정 아파트도 5억 빠졌다…심상치 않은 상황에 '초긴장',https://www.hankyung.com/article/2024102200257,6시간 전,"부동산 시장이 약세장에 접어들자 강남 3구 아파트값도 하락세를 보이고 있다. 서울 반포 일대 아파트 모습. 연합뉴스부동산 상승기에 가장 많이 오르고, 하락기에는 가장 늦게까지 집값을 방어하는 지역으로 꼽히는 서울 강남 3구(강남·서초·송파구) 아파트 가격이 하락하고 있다. 일부 단지는 직전 거래가 대비 매맷값이 수억 원씩 떨어졌다.22일 국토교통부 실거래가 공개시스템에 따르면 지난달 30일 서울 강남구 압구정동 한양1차 전용면적 49㎡(1층)는 20억8000만 원에 거래됐다. 이는 직전 거래가(25억7000만 원·7층) 대비 23.5%(4억9000만 원) 하락한 금액이다.같은달 22일 강남구 도곡동 타워팰리스3차 전용 141㎡도 직전 거래(40억 원) 대비 12%(4억 8000만 원) 떨어진 35억2000만 원에 거래 신고됐다.하락 거래는 서초·송파구에도 속속 등장하고 있다. 지난달 30일 서초구 서초동 삼풍아파트 전용 130㎡는 32억5000만 원(1층)에 거래되며, 전달 실거래가(36억 원·9층) 대비 약 10%(3억 5000만 원) 하락했다. 이달 들어 송파구 가락동 헬리오시티 전용 84㎡(11층)는 23억3000만 원에 손바뀜해 지난 9월 기록한 최고가(24억3000만 원) 대비 1억 원이 빠졌다.전문가들은 연말까지 서울 아파트 매맷값이 급격하게 반등하기는 어려울 것으로 본다. 대출 규제 등의 여파로 거래가 위축된 가운데 매물은 계속 쌓이고 있기 때문이다. 지난 8월 서울 아파트 거래량(7609건)은 전월(9518건) 대비 20%(1909건) 급감하며 8개월 만에 감소세로 전환했다. 또 △강남구(1만6059건→1만6999건, 5.8% 증가) △서초구(1만 2459건→1만 2756건, 2.3%) △송파구(1만 1220건→1만 2014건, 7.0%) 모두 한 달 전과 비교해 매물이 증가했다.송종현 기자",강남구,서울
"검찰, LS증권·현대건설 압수수색…부동산PF 관련",https://www.hankyung.com/article/2024102190516,20시간 전,"LS증권. 사진=LS증권검찰이 직무상 정보를 이용해 사익을 추구한 혐의로LS증권과현대건설을 압수수색했다.21일 법조계에 따르면 서울중앙지검 반부패수사3부(부장 이승학)는 서울 여의도동 LS증권 본사와 서울 계동 현대건설 본사 등 10여곳을 압수수색했다. 대전 탄방동 홈플러스 부지 매입 등과 관련 자본시장법을 위반한 혐의다.앞서 금융감독원은 지난해 10~12월 다올투자증권, 메리츠증권, 이베스트투자증권(현 LS증권), 하이투자증권, 현대차증권 등 5개 증권사를 대상으로 부동산 프로젝트 파이낸싱(PF) 기획검사를 실시하고 관련 자료를 올 1월 검찰에 통보·고발했다.이 가운데 LS증권 임원 A씨는 자금 회수 가능성이 큰 4개 PF사업장과 관련한 직무상 정보를 확보해 본인 법인과 관련된 시행사들에 700억원을 사적으로 대여하고 수수료·이자 등 명목으로 40억원 상당액을 취한 혐의 등을 받고 있는 것으로 알려졌다.노정동 한경닷컴 기자 dong2@hankyung.com",서울특,서울 외
4만 달러 시대 부동산 투자법,https://weekly.donga.com/3/all/11/5232973/1,2일 전,"‘신축’을 대표하는 서울 가락동 ‘헬리오시티’. [뉴스1]1인당 국민소득 3만 달러를 넘어선 지 어느덧 10년 차를 맞았다(그래프 참조). 인구 5000만 명 이상 나라 가운데 국민소득 3만 달러를 넘어선 나라는 한국, 미국, 일본, 독일 등 7개국뿐이다. 한국 경제 수준이 선진국에 진입했다는 의미다. 2021년 유엔무역개발회의는 한국이 개도국에서 선진국 지위로 올라섰음을 공식 인정했다.‌다만 민심은 “과연 한국이 선진국인가”라는 의문을 던지고 있다. 이 의문의 근간에는 “한국이 선진국이 될 만한 ‘국격’을 갖추고 있는가”에 대한 고민이 담겨 있다. 필자는 ‘선진국 담론’이 들끓는 것 자체가 우리 사회가 ‘양’에서 ‘질’의 시대로, 그리고 그 너머 ‘격’의 시대로 진입하고 있음을 시사하는 증거라고 생각한다. 책 ‘격의 시대’를 쓴 김진영작가는 1인당 국민소득이 2만 달러에서 3만 달러로 접어드는 시점에 국민의 라이프스타일 등 생활의식과 사고체계가 큰 변화를 겪는다고 했다. 부동산 역시 ‘양의 시대’에서 ‘질의 시대’로 진입하며 부의 패러다임이 바뀌었다. 다가올 ‘격의 시대’ 징후들도 심심치 않게 포착돼 패러다임의 지각변동을 예고하고 있다. 격의 시대 특징은 눈에 보이는 것을 따지는 수준을 넘어 무형의 가치를 추구하고 인정하는 것이다. 여기서 무형의 가치란 오랜 숙성과 축적의 시간을 거쳐 자연스럽게 뿜어져 나오는, 누구나 인정하는 차원이 다른 품격을 의미한다. 따라서 격의 시대를 맞아 부동산 투자전략도 바뀌어야 한다.현재는 부동산 ‘질의 시대’과거 양의 시대를 대표하는 척도로는 ‘주택 보급률’이 있었다. “가구당 얼마나 많은 집이 공급됐는가”로 주거 수준을 측정하는 것이다. 건설된 주택의 유형은 무엇인지, 시공 품질이 어떠한지는 중요치 않다. 그저 목표한 숫자만큼 건설만 하면 된다. 이 단순 척도로 성패가 갈리던 속도전의 시기가 바로 ‘양의 시대’였다. 2008년 주택 보급률은 100%를 달성했다. 그리고 어느덧 16년이 지났다. 단순히 양적으로 보면 주택이 부족하지 않다는 얘기다. 그런데 일각에서는 여전히 주택이 부족하다는 말이 나온다. 보수·진보를 막론하고 정권마다 약속하는 ‘임기 내 수백만 채 주택 공급’은 부동산 정책의 단골 헤드라인이다. 주택 보급률 100% 시대에 ‘주택 부족’ 담론이 들끓고 있다는 것은 ‘양의 시대’를 떠나보내고 ‘질의 시대’ 한복판에 진입했다는 증거다.‌최근 국토교통부가 발표한 ‘제3차 장기 주거종합계획’에 따르면 주택 보급률 같은 양적 지표는 지난 10년간 꾸준히 증가했다. 다만 입주 30년 이상 된 고령 주택은 2010년 135만 채에서 2022년 449만 채로 3배가량 증가했으며, 빈집도 같은 기간 79만 채에서 124만 채로 빠르게 늘어났다. 이 기간 국민소득은 3만 달러를 돌파한 후 3만 달러 중반까지 치솟았다. 이에 따라 주거 질에 대한 민감도가 높아졌지만, 개발 골든타임 실기로 ‘살고 싶은 집’이 감소한 탓에 신축 희소가치가 더 커지고 있다. 현재 신축 가치를 대변하는 말은 ‘얼죽신’(얼어 죽어도 신축)이다. 그 대표 사례가 서울 송파구 가락동 ‘헬리오시티’와 잠실동 ‘엘리트’(엘스·리센츠·트리지움)다. 은마아파트나 잠실주공5단지를 보면 대단지 재건축이 얼마나 어려운지 알 수 있다. 설령 재건축이 진행되더라도 둔촌주공의 ‘공사 중단’ 사태가 시사하듯이 공사비 이슈로 제때 준공하기도 녹록지 않다. 이처럼 대단지 신축이 어렵다 보니 입지적으로 격차가 큰 ‘헬리오시티’와 ‘엘리트’이지만 국민 평형 가격은 큰 차이가 없다.‌국토연구원의 빅데이터 분석 결과에 따르면 저가 주택 군집지라도 대규모 재개발·재건축이 촉진될 경우 고가 주택 군집지와의 집값 격차가 완화된다. 이 연구 결과는 대규모 신축의 입주 이벤트가 전통적 입지위계와 상관없이 해당 지역 전반의 집값을 끌어올리는 트렌드를 지지하고 있다. 이를 근거로 질의 시대에 ‘틈새 기회 지역’을 찾을 수 있다. 바로 대규모 재개발·재건축 사업장 인근에 위치한 구축 단지다. 목동 신시가지 재건축 인근의 신월동 구축, 노량진 재개발 인근의 동작구 구축, 이문휘경뉴타운과 장위뉴타운 인근의 구축이다. 이곳들은 6억~9억 원대로 매입이 가능하면서 신축 개발의 후광 효과까지 누릴 수 있는 가성비 좋은 투자처다.주택 가치 복합적으로 따져야요즘 분양 단지의 청약 성적을 살펴보면 같은 단지의 같은 평형이라도 평면, 조망, 방향에 따라 청약률이 크게 엇갈린다. 이는 주택 가치를 복합적으로 따지는 질의 시대의 특징이다. 톱상형보다 판상형이, 판상형 중에서도 3베이보다 4베이가 더 높은 청약 경쟁률을 기록하고 있다. 조망이 좋은 층수는 분양가가 수천만 원 비싸도 더 높은 청약 경쟁률을 나타내기도 한다. 특히 지방은 남향 선호 현상이 커 남향이 서향 대비 2배 넘는 청약 경쟁률을 보이고 있다. ‘역세권’이라는 단어에서 파생돼 갈수록 풍성해지는 ‘N세권 사전’ 역시 각자의 라이프스타일을 추구하는 질의 시대를 상징한다. 질의 시대 부동산 상품성을 대표하는 키워드가 ‘얼죽신’이라면, 입지성을 대표하는 키워드로는 ‘얼어 죽어도  N세권’을 뜻하는 ‘얼죽세’가 있다.‌향후 10년 대한민국 주거 전략의 대계인 ‘제3차 장기 주거종합계획’의 4대 정책 방향 중 하나가 바로 ‘4만 달러 시대에 맞는 미래 녹색 주거환경 조성’이다. 국민소득 2만 달러에서 3만 달러로 도약이 ‘질의 시대’ 진입을 알렸다면, 4만 달러 진입은 ‘격의 시대’ 시작을 선포하게 될 것이다. 질의 시대를 대표하는 ‘얼죽신’ ‘얼죽세’가 눈에 보이는 스펙에 대한 집착이라면, 격의 시대에는 무형의 가치가 중시될 것으로 보인다.‌그렇다면 왜 주거종합계획에서는 4만 달러 시대와 녹색 주거를 연결했을까. 올여름 우리는 ‘뜨거워지는 지구’가 돌이킬 수 없는 미래라는 사실을 통감했다. 이제는 ‘생존’을 위해 지구와의 공존 시스템을 마련해야만 한다. 격의 시대에는 지속가능한 건강한 성장이 미덕이 될 것이다. 녹색기술로 건설된 저탄소 아파트가 인정받을 것으로 보인다. 다만 현재는 격의 시대로 가는 과도기다. 과도기에는 치러야 할 비용이 있다. 이는 ‘그린 플레이션’이라는 이름으로 나타나고 있다. 친환경 정책과 기술에 대한 투자 증가로 나타나는 물가 상승 현상을 의미하는 그린플레이션으로 건설비가 더욱 높아질 수밖에 없다. 또한 시대 전환의 과도기에는 틈새 투자처가 탄생한다. 기후온난화가 심각해질수록 ‘저온지대’ ‘준해안가’ 같은 입지가 놀라울 정도로 격상할 것으로 전망된다.‌김진영 작가는 격의 경험은 인간, 공간, 시간인 ‘3간’에서 발생한다고 했다. 격의 시대 부동산 3간의 가치는 어디서 올까. 아무리 신축이 좋다 한들 함께 사는 이웃이 불편하다면 ‘스위트홈’이 될 수 없다. 층간소음 분쟁, 경비원에 대한 갑질 등은 신축, 구축, N세권을 따지지 않고 발생한다. 함께 사는 입주민의 품위와 에티켓을 뜻하는 ‘민도’는 하루아침에 형성되는 것이 아닌, 오랫동안 다져진 아파트 단지 문화에 근간한다. 부동산 격의 시대에 인간과 맞닿아 있는 가치 잣대는 ‘민도’다. 지금 강남은 강북 명문고의 이전, 경부고속도로 건설, 테헤란로 조성, 서울지하철 2호선 개통 등으로 수십 년에 걸쳐 만들어졌다. 시간 흐름 속에 축적되는 평판은 도시의 격을 결정한다. 같은 N세권이라도 해당 역세권의 유동인구가 얼마인지, 해당 몰세권이 얼마나 고도화된 쇼핑 경험을 제공하는지, 같은 직주근접일지라도 관련 산업의 유망성이 어느 정도인지에 따라 그 도시의 평판과 부동산 가치가 엇갈리는 것이다.활력 넘치는 지역에 수요 쏠릴 듯부동산 격의 시대는 인구 감소와 고령화 사회에서 맞게 된다. 이때 부동산 가치 잣대는 ‘N세권의 평판’이다. 정부는 인구 감소 지역을 살리고자 ‘생활 인구’ 개념을 도입했으며, 최근에는 지역별 MBTI를 진단해 지역 맞춤형 회생 대책을 마련하고 있다. 액티브시니어는 요양시설이 아닌, 고품격 서비스가 제공되는 시니어 레지던스로 몰리고 있다. 이 모든 현상의 교집합에는 바로 ‘활력’이라는 테마가 자리 잡고 있다. 격의 시대에는 활력이 넘치는 곳으로 부동산 수요가 쏠릴 수밖에 없다. 부동산 투자의 성패는 시대 전환의 파도를 미리 파악해 그 시류에 얼마나 능숙하게 올라타느냐에 달렸다. 격의 시대 3대 가치 잣대인 ‘민도’ ‘N세권 평판’ ‘활력’에 근간을 둔 부동산 투자전략은 다가올 부의 물결을 놓치지 않게 해줄 것이다.*유튜브와 포털에서 각각 ‘매거진동아’와 ‘투벤저스’를 검색해 팔로잉하시면 기사 외에도 동영상 등 다채로운 투자 정보를 만나보실 수 있습니다.",가락동,서울
"금리 인하요? ""요즘 집 안 팔려요” 한숨...절반도 돈 못 빌렸다 [부동산...",http://www.fnnews.com/news/202410220920188008,2시간 전,"서울 아파트 전경. 사진=연합뉴스[파이낸셜뉴스] 정부가 주택담보 대출 문턱을 본격적으로 높이기 시작하면서 주택 매수 때 대출 비중이 서울의 경우 40%대까지 떨어진 것으로 나타났다. 집값의 절반도 못 빌린 셈이다. 또 근저당 설정 건수도 크게 감소하는 등 현금부자들만의 잔치가 되고 있다는 지적이다.22일 법원 등기정보광장에 따르면 지난 9월 서울 집합건물(아파트·오피스텔·빌라 등) 거래가액 대비 채권최고액 비율이 49.17%를 기록했다. 올해 들어 가장 낮은 수치다. 정부는 지난 9월부터 2단계 스트레스 총부채원리금상환비율(DSR) 시행 등 대출 옥죄기를 본격적으로 시행하고 있다.채권최고액은 은행이 돈을 빌려줄 때 갚으라고 요구할 수 있는 최대 금액이다. 통상 대출금의 120~130% 안팎으로 설정된다.비율이 감소했다는 것은 은행에서 빌리는 돈의 규모가 줄었다는 의미다.서울의 경우 집합건물 채권최고액 비율은 올 1~7월 50%대를 넘었다. 3월에는 58.04%를 기록하기도 했다. 하지만 8월에는 49.63%로 절반 이하로 떨어지더니 9월에는 49.17%로 더 주저 않았다.문재인 정부 때 집값이 급등하며 대출 옥죄기가 정점에 달한 지난 2020년과 2021년의 경우 비율이 각각 48.09%, 51.02%를 기록했다. 한 전문가는 ""문 정부 때는 지침으로 규제했고, 현 정부는 자율규제로 옥죄고 있다""며 ""오히려 명확한 규제 지침이 없다 보니 금융권별로 대출 가능 여부 및 금액 등이 달라 혼선은 더 커지는 모습이다""라고 지적했다.경기도 역시 채권최고액 비율이 지난 4월과 5월에는 70%를 넘기도 했다. 이후 8월에는 65.72%로 줄었고, 9월에는 63.26%를 기록했다. 9월 비중은 올들어 가장 낮은 수치다. 인천도 비율이 8월 73.34%에서 9월에는 71.89%로 감소했다.근저당 건수도 감소하고 있다. 거래가 줄어든 영향도 있지만 한편으로는 돈 빌리기가 여의치 않다는 의미이기도 하다.서울의 경우 근저당 설정등기 신청 건수가 8월 2만4855건에서 9월에는 1만9091건으로 23% 감소했다. 경기와 인천 등 다른 수도권 지역 역시 각각 22%·18% 줄어든 것으로 나타났다.아파트 매물도 늘어나는 모습이다.아실에 따르면 서울의 경우 지난 10월 19일 기준으로 8만9131건으로 조사 이후 역대 최고치를 찍기도 했다.고준석 연세대 상남경영원 교수는 “대출규제 이후 수요자들이 돈 있는 사람과 없는 사람 등 두 계층으로 나눠지고 있다”며 “금리 인하에도 자금여력이 부족한 수요자들의 경우 시장 진입이 어려운 상황이고, 반면 현금부자들은 매수에 나서면서 신고가를 만들어 내고 있다”고 말했다.윤지해 부동산R114 수석연구원은 “가격 저항감이 커져 있는 상황에서 돈 빌리는 것도 갈수록 어려워 지고 있다”며 “외곽지역의 경우 가격 문제가 아니라 대출이 안 나오고 줄어드니까 아예 못 사는 상황이 나타나고 있다”고 분석했다.ljb@fnnews.com 이종배 기자#부동산아토즈#채권최고액#근저당#등기정보광장※  저작권자 ⓒ 파이낸셜뉴스, 무단전재-재배포 금지",서울,서울
올해 아파트 특공서 10명 중 8명은 생애최초·신혼부부 신청,https://www.yna.co.kr/view/AKR20241022033000003?input=1195m,4시간 전,"송고시간2024-10-22 08:59 올해 아파트 특별공급 청약자 10명 중 8명은 생애최초와 신혼부부 유형에 신청한 것으로 나타났다. 22일 부동산 전문 리서치업체 리얼투데이가 한국부동산원 청약홈을 분석한 결과, 올해 1∼9월 분양에서 특별공급 신청 건수는 총 28만3천367건으로, 이 가운데 생애최초 유형 신청이 15만4천478건(54.5%)으로 가장 많았다. 분양업계는 최근 청약 수요자가 40대 이하 젊은층이 주를 이루면서 생애최초와 신혼부부 유형에 신청이 몰리는 것으로 보고 있다. [리얼투데이 제공. 재판매 및 DB 금지]  (서울=연합뉴스) 권혜진 기자 = 올해 아파트 특별공급 청약자 10명 중 8명은 생애최초와 신혼부부 유형에 신청한 것으로 나타났다. 22일 부동산 전문 리서치업체 리얼투데이가 한국부동산원 청약홈을 분석한 결과, 올해 1∼9월 분양에서 특별공급 신청 건수는 총 28만3천367건으로, 이 가운데 생애최초 유형 신청이 15만4천478건(54.5%)으로 가장 많았다. 이어 신혼부부 유형은 8만7천398건(30.8%)으로, 생애최초와 신혼부부 신청 건을 합하면 전체의 85.3%에 이른다. 또 다자녀 가구는 3만3천776건(11.9%), 노부모 부양 4천395건(1.6%), 기관 추천 3천59건(1.1%), 신생아 263건(0.1%) 등의 순이었다. 분양업계는 최근 청약 수요자가 40대 이하 젊은층이 주를 이루면서 생애최초와 신혼부부 유형에 신청이 몰리는 것으로 보고 있다. 실제로 한국부동산원의 연령별 청약 당첨자 정보를 보면 올해 1∼8월 40대 이하 당첨건수는 5만7천388명으로 전체 당첨건수 7만3천823건의 77.7%에 해당한다. 이러한 추세를 볼 때 40대 이하 수요에 맞춘 단지가 앞으로 인기를 끌 것으로 업계는 내다봤다. 직주근접 입지를 갖췄거나 학군이 갖춰진 단지가 대표적이다. 리얼투데이 관계자는 ""3040세대의 취향을 저격하는 단지에 수요자들의 관심이 몰릴 전망""이라고 말했다. [연합뉴스 자료사진]  lucid@yna.co.kr 제보는 카카오톡 okjebo<저작권자(c) 연합뉴스,무단 전재-재배포, AI 학습 및 활용 금지>2024/10/22 08:59 송고",서울,서울
"이병헌, 240억에 산 옥수동 빌딩 2년 만에…'초대박' [집코노미-핫!부동...",https://www.hankyung.com/article/2024102070177,1일 전,"배우 이병헌이 2022년에 매입한 서울 성동구 옥수동 건물로 2년 만에 92억원의 시세차익을 얻은 것으로 전해졌다.20일 뉴스1은 이병헌이 보유 중인 서울 옥수동 건물 시세가 330억원이라며, 2년 전 매입가보다 92억원 오른 것으로 추산된다고 보도했다.빌딩로드부동산 중개법인에 따르면 이병헌은 2022년 옥수동 대로변에 위치한 지하 2층~지상 6층 연면적 755평의 건물을 239억9000만원에 샀다.가족 법인 명의로 해당 건물을 매입했는데, 매입가 240억원 중 현금 50억원을 투자하고, 나머지 190억원은 은행 대출을 받은 것으로 알려졌다.이 건물의 최근 시세는 332억원으로, 매입 당시에 비해 92억원 이상의 시세차익이 발생했다. 특히 건물에는 현재 한 국제학교가 보증금 10억원에 월 임대료 8500만원에 입주한 것으로 알려졌다. 매입가 기준 수익률이 4.44%로 높다.인근에는 다수의 대사관을 비롯해 나인원한남과 유엔빌리지, 한남더힐 등 고급 주거건물들이 있어 입지 조건이 우수한 것으로 평가받고 있다.김수영 한경닷컴 기자 swimmingk@hankyung.com",서울특,서울 외
"현빈♥손예진 이웃 됐다…한소희, '52억 펜트하우스' 매입 [집코노미-핫...",https://www.hankyung.com/article/2024102066687,1일 전,"배우 한소희가 경기 구리 아치울 예술인마을에 위치한 고급 펜트하우스를 52억 원에 분양받았다.20일 헤럴드경제 보도에 따르면 한소희는 지난 8월 21일 경기도 구리시 아천동 '아르카디아 시그니처' 전용면적 203㎡ 듀플렉스 펜트하우스를 매입했다.한소희는 지난달 30일 잔금을 치러 소유권을 이전받았다. 등기부등본에 따르면 채권최고액 11억원의 시중은행 근저당권이 설정돼 있다.그동안 한소희는 아르카디아 시그니처 인근에 위치한 빌라드그리움더블유에서 거주하고 있었다. 2021년 12월 19억 5000만원에 전액 현금 매입해 화제가 됐다. 그는 최근 이사를 앞두고 있어 호텔 생활 중이라고 밝힌 바 있다.한소희의 새 보금자리인 아르카디아 시그니처는 지하 2층~지상 4층 규모로 전체 8가구에 불과하다. 아치울 마을에서 유일하게 단독 진입로를 확보하고 있어 입주자들의 프라이버시를 보호해준다.한소희가 매입한 펜트하우스는 아차산과 한강 조망을 누릴 수 있으며 고급 빌라에서 찾아보기 힘든 복층형 구조로 다양하게 공간 활용이 가능하다. 침실 4개, 욕실 3개, 다락, 루프탑 테라스로 구성돼 있다.구리 아치울마을은 프라이빗하게 전원생활을 즐길 수 있으면서도, 서울 강남까지 자차로 15분 거리에 있어 신흥 부촌으로 자리매김하고 있다. 배우 현빈·손예진 부부, 오연서, 축구 선수 김민재 등이 아치울 마을에 주택을 소유하고 있다.한편 드라마 '알고 있지만', 넷플릭스 '경성크리쳐' 등을 통해 가장 핫한 여배우로 떠오른 한소희는 사생활 이슈로 입방아에 오르고 있다.지닌 9월엔 모친 신모 씨가 불법 도박장 개설 혐의로 구속됐다는 사실이 알려져 논란이 됐다. 신 씨는 2021년부터 지난달 말까지 명의 대행 사업자를 내세우며 울산, 원주 등에서 12곳의 게임장을 운영했다. 게임장 손님들은 신 씨가 총판으로 있는 도박사이트에 접속해 게임머니를 충전하고 바카라 같은 도박을 한 것으로 파악됐다고 검찰은 보고 있다.당시 소속사 측은 ""어머니가 벌인 지극히 개인적인 일""이라면서 ""한소희도 기사를 통해 해당 내용을 접해 참담한 심정을 이루 말할 수 없다""고 입장을 전했다.최근엔 혜리에게 악플을 다는 비공개 계정을 운영 중이라는 의혹을 받고 곤욕을 치렀다. 소속사 측은 ""언론에 노출된 SNS 계정은 한소희 배우의 계정이 아니며, 사실이 아닐 시 모든 법적 책임을 지겠다""고 입장을 밝혔다.김예랑 한경닷컴 기자 yesrang@hankyung.com",구리,서울 외
PF 부실 우려 가라앉자 증권사 회사채 잇단 흥행,https://www.hankyung.com/article/2024102193831,A17면 1단,"대형 증권사의 회사채(증권채) 발행 작업이 활발하게 이뤄지고 있다. 부동산 프로젝트파이낸싱(PF) 부실 완화에 실적 개선 기대까지 높아지자 회사채 시장 ‘큰손’ 투자자의 관심도 커지고 있다.21일 투자은행(IB)업계에 따르면 하나증권은 오는 28일 최대 3000억원 규모 회사채 수요예측을 할 예정이다. 2년물과 3년물로 구성한다. KB증권, NH투자증권, 한국투자증권, 신한투자증권이 대표 주관사를 맡았다.증권채 인기가 높아지면서 대형 증권사들이 잇따라 회사채 시장에 뛰어들고 있다는 분석이 나온다. 9월 이후 회사채 수요예측을 한 한국투자증권, NH투자증권, 삼성증권 등 대형 증권사들은 모두 수요예측에 2조원이 넘는 매수 자금이 몰렸다. 한국투자증권은 2000억원 모집에 12배가 넘는 2조5250억원어치 주문을 받았다. NH투자증권과 삼성증권도 각각 2조1800억원, 2조2900억원의 ‘뭉칫돈’이 들어왔다.증권사들은 ‘차입구조 만기화’를 위해 회사채를 찍고 있다. 한국투자증권, NH투자증권, 삼성증권은 단기물인 기업어음(CP)·전자단기사채 등을 장기물인 회사채로 대체할 방침이다.증권사들이 역대급 실적을 내는 게 흥행 요인으로 꼽힌다. 실적 개선세는 상반기에 이어 3분기에도 이어질 전망이다. 금융정보업체 에프앤가이드에 따르면 주요 상장 증권사 6곳(미래에셋증권, 한국금융지주, NH투자증권, 삼성증권, 키움증권, 메리츠금융지주)의 3분기 영업이익 총합은 2조1235억원으로 추산된다. 지난해 같은 기간보다 18.9% 늘어날 전망이다.증권사 발목을 잡은 부동산 PF 리스크도 옅어지고 있다. 대형 증권사를 중심으로 부동산 PF 충당금을 넉넉하게 적립하는 등 리스크 관리에 주력하면서 기관투자가의 관심을 되찾은 것으로 풀이된다.장현주 기자 blacksea@hankyung.com",N/A,서울 외
“유상증자 함부로 했다간”…금리인하 호재에도 급락한 부동산 이 주식,https://www.mk.co.kr/article/11145858,21시간 전,"부동산주에 대형 호재인 금리 인하에도 한화리츠가 최근 한달간 11% 가량 급락했다. 구주 이상의 신주를 발행하는 유상증자 때문이다. 다만 업계에서는 한화생명 등 한화금융계열사가 최소 기존 지분율만큼은 유상증자에 참여하는 책임감을 보일 것으로 전망돼 낙폭이 과다하다는 분석이 나온다. 21일 한국거래소에 따르면 한화리츠는 지난달 23일부터 이날까지 10.61% 하락했다. 한화리츠는 당초 상장리츠 역사상 최대인 4730억원 규모의 유상증자를 발표했기 때문이다. 문제는 높은 유상증자율이다. 기존주식수가 7060만주인데, 신주가 1억900만주에 달한다. 주주 청약은 내달 11~12일 진행되며, 실권주 발생 시 14~15일 일반 공모 청약이 진행된다. 서울도심권역(CBD) 장교동 한화빌딩을 편입한 점은 긍정적으로 볼 수도 있지만, 반대로 대기업들이 유동성 확보를 위해 본사 사옥 지분을 일부를 투자자들에게 떠넘기는 식으로 해석되기 때문이다. 투자자들은 주주 가치 희석에 대한 우려 매우 크다. 다만 업계에서는 한화리츠가 스폰서 리츠라는 점이 최소한의 ‘안전판’ 역할을 할 것으로 보고 있다. 스폰서 리츠란 보통 대기업이 최대 주주이며, 해당 기업이 출자한 자산관리회사를 통해 대기업이 리츠에 매도한 부동산을 관리하는 리츠를 말한다. 예컨대 최근 유상증자를 진행한 삼성FN리츠는 기존 주주인 삼성생명과 삼성화재가 보유한 지분율 만큼의 유상증자 참여를 결정한 바 있다. 롯데리츠 역시 최대주주인 롯데쇼핑이 참여하지 못했지만, 롯데물산이 신주인수권 매수를 통해 유상증자 물량 40%를 책임지기로 했다. 최근 미국 연방준비제도(Fed)가 금리 인하를 단행하는 등의 거시적 관점으로 볼 때, 유상증자로 인한 상장리츠의 주가 하락을 저가 매수 기회로 볼 수 있다는 시각도 있다. 자산운용 업계 관계자는 “한화금융 계열사가 이번 유상증자에 기존 지분율 수준에서의 참여를 추진하고 있는 것으로 알고 있다”면서 “최소한 과거 타 상장리츠 증자 시와 같은 대량 실권 사태는 벌어지지 않을 것으로 보고 있다”고 말했다.",서울,서울
"강남권 분양단지, 계약금 두 배 높은 이유는",https://www.hankyung.com/article/2024102192591,A23면 1단,"일반적으로 신규 분양 단지는 ‘계약금 10%, 중도금 60%, 잔금 30%’ 비율로 분양대금을 낸다. 하지만 서울 강남권에서 공급되는 아파트는 계약금 비율이 두 배 높아 그 배경에 관심이 쏠리고 있다.21일 한국부동산원 청약홈에 따르면 이날부터 청약을 시작한 서울 송파구 ‘잠실래미안아이파크’(투시도)의 계약금 비율은 20%로 설정됐다. 최근 1년간 서울에서 분양한 단지 가운데 ‘디에이치대치에델루이’와 ‘청담르엘’ ‘디에이치방배’ ‘래미안레벤투스’ ‘래미안원펜타스’ ‘메이플자이’도 계약금 비율이 20%였다. 모두 서울 강남3구(강남·서초·송파)에서 공급된 아파트라는 게 공통점이다.비강남권에서 선보인 아파트는 대부분 계약금 비율이 10%였다. 계약금 비중이 높을수록 수요자 입장에선 초기 자금 마련에 부담이 클 수밖에 없다. 중도금이나 잔금과 달리 계약금은 별도의 대출상품이 없어서다. 잠실래미안아이파크의 분양가는 전용면적 84㎡ 기준 최대 19억원에 달한다. 이 아파트의 청약 당첨자는 분양가의 20%인 3억8000만원을 쥐고 있어야 계약할 수 있다는 얘기다.하지만 조합이나 시공사 입장에선 계약금을 많이 받을수록 이익이 될 수 있다. 업계의 한 관계자는 “초기 현금 흐름이 좋을수록 프로젝트파이낸싱(PF) 대출을 조기에 상환할 수 있고 수금 리스크도 줄일 수 있다”며 “무엇보다 강남권은 분양가상한제가 적용되고 수억원대 시세 차익이 가능한 만큼 수요자가 계약금 비율을 20%로 높여도 수용할 수 있다고 판단하는 것”이라고 설명했다.규제지역에서 선보이는 모든 단지가 ‘계약금 20%’를 선택하는 건 아니다. 예컨대 작년 7월 서울 용산구에서 분양한 ‘용산호반써밋에이디션’의 계약금은 분양가의 10%였다. 주택공급에 관한 규칙에 따라 사업 주체는 전체 주택가격의 20% 이내에서 계약금 비율을 정할 수 있다.이인혁 기자 twopeople@hankyung.com",송파구,서울
청약예금으로도 '3억 로또' 도전 가능…청약 장벽 사라진다 [안장원의 ...,https://www.joongang.co.kr/article/25285975,A23면 1단,"안장원 부동산선임기자3기 신도시 같은 공공분양과 강남 재건축 같은 민영주택 간의 청약 장벽이 없어진다. 복잡하게 나뉘었던 청약통장이 통합되기 때문이다. 수도권에 시세 9억원짜리 단독주택을 가지고 있어도 무주택 자격을 인정받을 길도 열렸다. 분양시장으로 들어가는 청약 문이 넓어지고 문턱은 더욱 낮아지면서 새 아파트 '로또' 기대감이 커질 전망이다.하지만 입구가 넓어지는 대신 마지막 당첨 관문은 낙타가 들어갈 바늘귀보다 더욱 협소해질 것 같다.이달부터 무주택 기준 등 청약 규제가 완화돼 새 아파트 견본주택이 더욱 북적거릴 전망이다. 사진은 지난 8월 분양한 서울 아파트 견본주택 모습. 중앙포토저축·부금·예금 등 청약조건 구분 없애46년 전인 1978년 청약제도가 만들어질 때부터 나뉘어 있던 청약통장별 청약자격 제한이 이달부터 없어졌다. 통장 전환을 통해 이제까지 신청할 수 없었던 주택에도 청약할 수 있는 길이 열렸다.청약통장에는 청약저축·청약부금·청약예금·종합저축 등 네 가지가 있다. 임대가 아닌 분양주택은 공공분양과 민영주택으로 나뉜다. 공공분양은 한국토지주택공사(LH) 등 공공이 건설하는 전용 85㎡ 이하 주택이고 나머지가 민영주택이다.종합저축으로 바꿔도 효력 유지공공분양 잔여공급 등 즉시 자격공시5억 수도권 단독 무주택 간주청약 경쟁률, 당첨가점 치솟을 듯저축은 공공분양에, 부금은 전용 85㎡ 이하 민영주택에, 예금은 민영주택에 청약할 수 있다. 2015년 저축·부금·예금을 통합해 어느 주택에도 청약할 수 있는 ‘만능통장’인 종합저축이 생겼다. 이후 저축·부금·예금 가입을 할 수 없게 됐지만 기존 가입자 137만명의 통장은 아직 살아있다. 이들은 청약이 제한된 주택에 청약하려면 통장을 해지하고 종합저축에 가입해야 했다. 해지 전까지 쌓아둔 통장 가입 기간이나 청약저축액은 물거품이 됐다.이달부터는 종합저축으로 갈아타더라도 기존 통장의 효력이 유지된다. 다만 청약 자격이 확대된 주택에 청약하는 경우에는 전환 시점부터 통장 가입 기간이나 저축액이 산정된다. 가입 기간 15년, 저축액 1800만원인 청약저축 통장을 가진 사람이 종합저축 전환 후 공공분양에 청약하면 기존 15년, 1800만원을 그대로 인정받지만 민영주택에선 가입 기간 ‘0’이다.그래도 전환하는 게 낫다. 추가로 청약 기회를 갖게 되는 주택의 청약자격을 얻는 데 시간이 오래 걸리지 않기 때문이다. 6개월이면 공공분양·민영주택 특별공급(다자녀·신혼부부·신생아)에 청약할 수 있고 수도권에서 1년이면 1순위 자격이 나온다. 투기과열지구인 서울 강남·서초·송파구와 용산구만 2년이다.김영옥 기자추첨으로 뽑는 공공분양 잔여공급(20%)은 전환 즉시 자격이 나온다. 잔여공급은 저축액에 따라 당첨자를 선정하는 우선공급(80%)에서 탈락한 1순위자와 통장 가입자를 대상으로 추첨하기 때문이다.지금 부금·예금 가입자가 종합저축으로 전환하면 당장 다음 달 나올 예정인 경기도 성남시 금토지구 공공분양을 두드려볼 수 있다. 분양가가 시세보다 3억원 이상 저렴할 것으로 예상되는 '로또'다. 사전청약한 하남 교산 등 3기 신도시 본청약이 내년부터 본격적으로 진행된다. 민영주택으로는 시세보다 훨씬 저렴한 서울 강남과 용산 일대 분양가상한제 단지들이 내년 이후에도 줄줄이 나올 예정이다.이월무 미드미네트웍스 대표는 ""종합저축으로 전환하면 공공분양·민영주택 어디든 청약할 수 있는 '만능 열쇠'를 갖게 되는 셈""이라고 말했다.'시세 9억' 단독주택도 무주택 간주집을 소유하고 있어 쓸모없던 청약통장이 빛을 본다. 정부는 무주택 간주 범위를 전용 60㎡ 이하, 공시가격 수도권 1억6000만원(지방 1억원) 이하인 주택에서 전용 85㎡ 이하 수도권 5억원(지방 3억원) 이하인 비아파트(단독·다세대·연립주택, 도시형생활주택 포함)까지 확대하기로 했다. 공시가격 5억원이면 시세가 9억원가량이다. 이에 해당하는 주택이 전국적으로 150만 가구 정도로 추정된다. 정부는 관련 규정 개정을 거쳐 다음 달 시행할 예정이다.죽은 청약자격이 되살아난다. 이달부터 사전청약 당첨자가 기존 당첨을 포기하지 않고도 청약할 수 있다. 이전에는 재당첨 제한 규정에 따라 포기부터 해놓고 당첨이 불확실한 가운데 청약해야 했다. 이제 사전청약 당첨 포기 리스크를 안을 필요가 없게 되는 것이다.김영옥 기자한국부동산원 관계자는 “다른 주택에 청약해 당첨돼 사전청약 당첨자 지위를 상실하면 자연히 본청약에 참여할 수 없기 때문에 주의해야 한다”고 말했다.또한 사전청약에 당첨되면서 상실된 청약통장 효력도 이달부터 복원된다. 당첨된 뒤 통장을 해지했다면 가입 은행에 방문해 부활시키면 된다.1000대 1 넘어선 청약경쟁률현 정부 들어 잇단 청약규제 완화로 청약 기회는 많아지지만 사실상 당첨은 더욱 요원해진다. 이미 고공행진하고 있는 청약경쟁률이 더욱 하늘을 찌를 것이기 때문이다.주변 시세보다 분양가가 훨씬 저렴한 ‘로또’ 경쟁률이 1000대 1을 넘어섰다. 지난 10일 서울 강남구 대치동 구마을3지구 재건축 단지(디에이치대치에델루이)의 일반공급 경쟁률이 1026대 1을 기록했다. 15일 서울 동작구 수방사 공공분양 경쟁률은 신혼부부 등 특별공급 558대 1, 일반공급 1148대 1이었다.김영옥 기자민영주택 일반공급 당첨을 좌우하는 청약가점(만점 84점) 커트라인이 74점까지 올라갔다. 지난달 20일 667대 1의 경쟁률을 보였던 서울 강남구 청담동 청담삼익 재건축 단지(청담르엘) 당첨자의 청약가점 최저가 74점이었다. 74점은 무주택기간과 청약통장 가입 기간이 각각 15년 이상인 5인 가족에 해당하는 점수다. 앞으로 비아파트를 보유한 청약가점 고점자도 청약시장에 뛰어들 것이다.현 정부에서 추첨제 확대 덕에 1주택자도 기회가 생겼지만 당첨 확률은 더욱 낮아진다. 가점제와 무주택자 추첨으로 당첨자를 선정하고 남는 적은 물량을 놓고 탈락 무주택자와 1주택자가 경쟁하기 때문이다. 디에이치대치에델루이 전용 59㎡A타입 일반공급 10가구에 1만9104명이 몰려 경쟁률이 1910대 1이었다. 하지만 1주택자가 당첨을 노릴 수 있는 물량은 가점제(4가구)와 무주택자 추첨(5가구) 물량을 제외한 1가구뿐이어서 실제 1주택자 추첨 경쟁률은 1만9095대1이다. 당분간 청약통장 전환자는 가점이 높지 않아 추첨제 경쟁자가 늘어나게 된다.청약 문턱이 거의 남아나지 않을 정도로 닳아지면서 분양시장은 분양가만이 아니라 당첨도 운에 맡겨야 하는 ‘로또’가 됐다.안장원 기자 ahnjw@joongang.co.kr",서울,서울
"""옆집은 계속 오르던데"" 8월 부동산 거래 '시들'",http://www.fnnews.com/news/202410150934140739,7일 전,"부동산플래닛 8월 부동산거래 분석 결과월간 기준 올해 3번째로 낮은 거래량 기록대출규제  따라 부동산 시장 어려움 지속 전망서울 남산에서 바라본 시내 아파트 단지 모습. 사진=연합뉴스[파이낸셜뉴스] 지난 8월 전국 부동산 매매 시장의 거래량과 거래금액이 전월에 비해 두자릿수 하락률을 기록한 것으로 나타났다. 거래량의 경우 2월과 3월에 이어 올해 3번째로 낮은 수준을 기록했다.거래량 거래대금 두자릿수 감소...상가만 올라15일 빅데이터 및 인공지능(AI) 기반 상업용 부동산 전문기업 부동산플래닛에 따르면 8월 전국에서 이뤄진 부동산 거래는 전월(10만999건) 대비 10.6% 하락한 9만317건으로 집계됐다.월간 거래량 기준으로 지난 2월(7만8215건)과 1월(8만1594건)에 이어 올해 들어 3번째로 낮은 수준이다. 8월 한달 간 거래금액은 36조3463억원으로 전월(43조9300억원) 보다 17.3% 하락했다.유형별로는 연립·다세대가 전월 대비 0.2% 가량 소폭 증가한 것을 제외하고는 모든 유형의 거래량이 감소했다. 공장·창고 등(일반)이 22.4% 줄었고 공장·창고 등(집합) 17.2%, 상가·사무실 12.4%, 오피스텔 12.3%, 아파트 11.5%, 토지 11.4%, 상업·업무용빌딩 9%, 단독·다가구 6.2% 순으로 감소했다.거래금액 기준으로는 상가·사무실이 7월보다 25.2% 오른 것을 제외하고는 전부 감소세를 보였다.공장·창고 등(집합) 유형이 70.7% 급락한 것을 비롯해 공장·창고 등(일반) 31.9%, 아파트 20.2%, 토지 15.3%, 오피스텔 13.9%, 상업·업무용빌딩 13.1%, 단독·다가구 5.1%, 연립·다세대 4.7% 순으로 나타났다.8월 전국 17개 시도의 아파트 거래량은 4만2374건, 거래금액은 21조4360억원으로 각각 확인됐다. 이는 전월(4만7899건, 26조8668억원)에 비해 11.5%, 20.2%씩 감소한 수준이다.서울 거래량 감소세 뚜렷...대출규제 부담 지속 전망각 시도별로는 전국 17개 시도 가운데 13개 지역이 7월보다 거래량이 줄었으며 특히 서울을 포함한 수도권의 하락률이 상위권을 차지했다. 8월 서울 아파트 거래량은 5982건으로 전월(8653건) 대비 30.9% 내리며 가장 크게 감소했고 이어서 경기(14.8%, 1만2746건), 인천(7%, 2888건), 경남(6.6%, 2511건)과 부산(6.6%, 2469건) 등의 순이었다.거래금액에서는 총 11개 지역이 감소세를 보였다. 서울이 전월(10조6639억원) 보다 32.9% 내린 7조1508억원을 기록했다. 경기는 7조249억으로 19.3%가 줄었고 경남(6390억원) 10.7%, 부산(1조978억원) 8.5%, 인천(1조2034억원) 7.9% 등의 순으로 각각 하락했다.8월 전국에서 발생한 상가·사무실 거래량은 3554건으로 전월(4056건) 대비 12.4% 하락했다. 반면 거래금액은 25.2% 오른 2조1691억원을 기록하며 전체 부동산 유형 중 유일하게 상승했다.전국 오피스텔 거래량은 7월 2855건에서 8월 2505건으로 12.3% 감소하며 2개월 연속 하락 흐름을 보였다. 거래금액도 전월 6411억원에서 13.9% 내린 5520억원을 기록했다.정수민 부동산플래닛 대표는 ""아파트를 포함해 전반적으로 상승 흐름을 보였던 7월 전국 부동산 시장과 달리 8월은 감소세가 뚜렷했다""며 ""올해 전국 부동산 거래는 증감을 반복하며 우상향 그래프를 그리고 있는 모습이지만 7월 이후 시중은행의 대출금리 상승, 전세자금 대출에 대한 규제 강화, 비주택담보대출 연체율 증가로 인한 상업용 부동산 대출 시장 위축 등 대출 규제에 대한 유의미한 변화가 없는 한 당분간 부동산 시장의 어려움이 지속될 가능성이 있다""고 전했다.부동산플래닛 제공kim091@fnnews.com 김영권 기자※  저작권자 ⓒ 파이낸셜뉴스, 무단전재-재배포 금지",서울특,서울 외
해외 부동산 펀드 투자자의 눈물 [윤현철의 Invest&Law],https://www.hankyung.com/article/202410206677i,1일 전,"한경 로앤비즈가 선보이는 'Law Street' 칼럼은 기업과 개인에게 실용적인 법률 지식을 제공합니다. 전문 변호사들이 조세, 상속, 노동, 공정거래, M&A, 금융 등 다양한 분야의 법률 이슈를 다루며, 주요 판결 분석도 제공합니다.뉴욕증시가 2022년 10월부터 공식적인 강세장으로 들어선 지 3년째로 접어들면서 최근 스탠더드앤드푸어스(S&P500) 지수가 사상 최고치를 연일 경신하고 있습니다. S&P 500에 투자하는 상장지수펀드(ETF) SPY, VOO 등의 최근 5년간 수익률은 무려 95%에 달하는 반면, 이런 강세장 속에서도 유독 수익률이 겨우 본전 수준인 ETF가 있으니 바로 미국 부동산에 투자하는 리츠(REITs·부동산투자회사) ETF(VNQ)입니다.이렇게 미국의 리츠 ETF가 수익을 내지 못하고 있는 것은 2020년 코로나19 사태 발생 이후에 이어지고 있는 미국 상업용 건물의 공실률 증가가 주된 원인으로 보입니다.국내에서도 수년 전부터 미국의 상업용 부동산에 투자하는 사모펀드가 '글로벌 기업의 사옥용으로 임차하는 부동산 펀드' 또는 '글로벌 호텔 그룹에서 운영을 맡아 하는 부동산 펀드'로 홍보되며 판매됐습니다. 그러나 미국 부동산 펀드는 안정적으로 고수익을 보장할 수 있을 것처럼 홍보된 것과 달리 만기가 되어도 환매가 어려운 경우가 있어 국내 투자자들의 원금 손실이 우려됩니다.미국 리츠 ETF 수익률이 5년간 본전 수준이라는 점을 볼 때 상식적으로 미국 부동산에 투자하는 펀드 역시 본전은 회수할 수 있습니다. 다만 원금 손실이 우려되는 이유는 '투자자들이 알지 못했던 비용'과 '투자자들이 알지 못하였던 규정'에 있습니다.국내보다 높은 중개 수수료 등 유의해야단순히 투자 대상 부동산의 가격이 하락해 발생한 손실이라면 처음부터 투자자들이 예상 가능했겠지만, 부동산 가격이 그대로 유지되는 경우에도 투자자가 예상치 못한 비용과 규정 때문에 부동산 가격이 상당 폭으로 상승하지 않는 한, 처음부터 구조적인 손실이 예정된 경우도 있습니다.'투자자들이 알지 못하였던 비용'에는 임차인 지원비용(TI), 임대차 브로커 수수료(LC), 법률자문보수, 매입보수 등이 있습니다.우리나라는 상업용 부동산 취득 시 부동산의 취득세(4.6%)와 중개수수료(0.9%) 외에는 큰 비용이 들지 않습니다. 반면 미국은 상업용 부동산을 구매해 임차인에게 임대할 때 임대인이 막대한 TI(Tenant Improvement)를 부담하도록 합니다. TI란, 쉽게 말해서 임차인의 니즈(needs)에 맞도록 건물 인테리어 등을 해주는 데 소요되는 비용을 말합니다. 우리나라는 임차인이 스스로 필요한 인테리어를 하고 임대인은 공사 기간 동안 렌트프리(rent-free) 정도의 혜택을 부여하는 경우가 많은데, 미국은 대형 상업용 부동산의 장기임대차계약 시 임대인이 막대한 규모의 TI 비용을 부담하고 있습니다. 예를 들면, 1억 달러가 넘는 대형 건물의 TI 비용이 1000~2000만 달러 이상이 되는 사례가 있을 정도이니, 국내 일반 투자자로서는 예상하기 어려운 부분입니다.부동산의 중개 수수료도 국내는 부동산 가액의 0.9%로 상한선이 제한되지만, 미국에선 통상 5~7% 수준으로 알려져 있습니다. 비벌리힐즈 선셋 스트리트를 비롯한 로스앤젤레스(LA)의 초고가 주택 매매를 취급하는 중개회사의 에피소드를 다룬 넷플릭스 리얼리티 프로그램 '셀링 선셋'을 보면 중개회사 사장이 중개인들을 모아 놓고 ""나는 자네들이 앞으로 중개수수료 5%인 거래보다는 7%인 거래에 집중해 주었으면 하네""라고 교육하는 장면이 나옵니다. 국내 대비 고액인 부동산 중개 수수료 역시 국내 일반 투자자들이 예측하기 어려운 비용 중 하나일 것입니다. 다만, 미국에서 부동산 거래 시 발생하는 중개수수료는 주로 매도인이 부담하므로, 부동산 펀드에서는 해당 자산을 매각할 때 발생하는 비용입니다.이 밖에 미국 부동산 취득 시에는 LC(Leasing Commission)가 발생합니다. 대상 부동산을 실사하고 제반 계약서를 검토하기 위해 미국 현지 로펌을 선임해야 하며, 해당 로펌의 보고서를 분석·검토하는 역할을 맡길 한국 로펌도 별도로 선임해야 합니다. 또한, 해외 현지 자산운용사의 수수료는 펀드 투자금액을 기준으로 하는 것이 아니라, 대출을 일으켜서 매입할 자산(부동산)의 가액을 기준으로 보수를 산정하기 때문에 일반적으로 생각하는 것보다 더 큰 금액의 비용이 발생합니다.예를 들어 국내 투자자가 5000만 달러를 투자하고 해외 금융기관에서 1억달러를 대출받아 1억 5000만달러의 자금을 조달할 경우, 실제로 미국 현지에서 매입한 부동산의 가격은 1억 3000만달러 수준이고 나머지 2000만달러는 TI, LC, 법률비용, 금융 수수료, 자산운용사 수수료 등으로 취득과 동시에 소진되는 구조입니다. 만약 부동산 가격이 상승하지 않으면 부동산 취득과정에서 소요된 2000만 달러는 결국 5000만 달러를 투자한 국내 투자자들의 원금에서 공제될 수밖에 없으므로, 결과적으로 펀드 투자와 동시에 40% 정도는 손실을 보고 시작하는 셈입니다.DIL, NNN…알쏭달쏭한 부동산 계약 규정투자자들이 알지 못했던 규정에는 부동산소유권양도제도(DIL), 트리플넷(NNN), Dark Premise, Lease Sweep 등이 있습니다.DIL(deed in lieu) 옵션이란, 부동산을 담보로 대출을 실행한 이후 채무불이행 사유가 발생한 경우, 차주가 대주(금융기관)에게 “대출채무에 대한 담보권 실행에 갈음해 부동산 소유권을 이전해 가라”고 청구해 대출금 채무를 면제받는 방식입니다. 대상 부동산을 매각하거나 감정평가를 통해 대출 원리금을 공제한 금액을 정산해야 후순위 투자자인 국내 투자자들이 일부라도 원금을 회수할 수 있는 것인데, 부동산을 통째로 대출은행에 넘겨버리니 해외 운용사는 리스크에서 완전히 벗어나지만 국내 후순위 투자자들은 투자금 회수가 불가능해지는 구조입니다.NNN(Triple Net Lease)은 세금(Net Property Tax), 보험(Net Insurance), 건물 유지보수비용(Net Common Area Maintenance)을 임차인이 부담하는 조건인데, 펀드 투자자들은 NNN 조건으로 안정적인 임대소득이 보장된다고 생각하기 쉽습니다. 그러나 미국 임대차계약에선 Dark Premise 조항을 약정해 임차인이 건물의 임대료를 정상적으로 지불하면 건물에서 철수할 수 있는 옵션을 부여하는 경우가 있습니다. 즉, 임차인이 철수하면 그때부터 세금, 보험, 건물 유지보수비용 등의 부담 주체가 임대인으로 전환되면서 펀드에서 지출해야 할 비용이 눈덩이처럼 늘어나는 것입니다.Dark Premise 조항이 발령되는 경우 임차인이 지급하는 임차료를 대출금융기관의 에스크로 계좌(escrow account)에 입금하도록 하는 Lease Sweep 조항을 약정하는 경우도 있습니다. 이 경우 원래대로라면 펀드의 수익으로 투자자들에게 정기적으로 분배될 수익금이 선순위 대출금융기관의 대출 상환 재원을 위해서 적립되므로 투자자들에 대한 분배금을 지급이 중단됩니다.이처럼 국내 개인 투자자들에게는 생소한 계약 규정 때문에 예측하지 못하였던 비용이 발생하고 결국 펀드 투자자들의 원금 회수가 더욱 어려워지는 것입니다.현지 자산관리회사만 수수료로 이득…투자자 구제책은 사실상 미비해외 부동산 펀드의 투자자들에게 구제책이 있을지가 문제입니다. 통상 투자자들은 착오로 인한 취소를 원인으로 판매사를 상대로 펀드 가입금액 반환청구를 하거나 투자자 보호의무 위반으로 인한 손해배상청구를 하게 됩니다.현재 법원은 착오 취소 주장에 대해 ""계약의 효력에 영향을 미치거나 상대방의 권리 확보에 위험을 가져올 수 있는 구체적 사정을 고지하였다면 계약을 체결하지 아니하거나 적어도 그와 같은 내용 또는 조건으로 계약을 체결하지 아니하였을 것임이 경험칙상 명백한 경우""에 해당하는지를 기준으로 삼아 심리를 하고 있습니다. 미국 부동산 펀드 판매는 미국 부동산 거래 특유의 비용 구조와 계약 조건이 투자자에게 제대로 설명·고지됐는지가 착오로 인한 취소 가능 여부의 주된 쟁점이 될 것입니다.최근 미국 라스베가스 호텔에 투자하는 부동산펀드와 관련해 DIL 조항 미고지를 이유로 국내 기관투자자가 판매사를 상대로 제기한 소송에서, 제1심법원은 “DIL은 메자닌 채권자가 선순위 채권을 매수할 수 있는 매입권한(Purchase option)은 메자닌 채권자의 권리 보호를 위한 장치로써, 미국의 표준화된 대주간 계약서에도 반영돼 있는 내용으로 보인다” 등의 이유로 청구를 기각(서울중앙지방법원 2021가합541740 판결)해 미국 부동산 거래 특유 제도를 미고지한 점에 대해서 다소 소극적으로 판단했는데, 상급심의 판단이 주목되고 있습니다.해외 부동산에 투자하는 사모펀드로 인한 피해자와 수혜자는 누구일까요?가장 직접적인 피해자는 물론 수년째 원금조차 회수하지 못하고 있는 국내의 개인투자자입니다. 국내 펀드 판매사들은 현재까지 개인투자자들과 사이에 원금을 일부 보상하는 사적 화해를 하거나 또는 소송을 진행하고 있는 경우가 많고 국내의 운용사 역시 판매사들로부터 구상 청구를 당하는 등 법적 분쟁 중인 경우가 많기 때문에 결과적으로 미국 부동산 사모펀드로 인해 손해를 봤을 가능성이 높습니다.이에 반해 부동산 펀드의 업무를 수탁받은 해외 현지의 자산관리회사는 아무런 리스크 없이 매년 자산관리 수수료를 받고 있습니다. 결국 현지 자산관리회사만 유일한 승자인 셈입니다. 과연 이 사건의 손실은 누구에게 귀결되는 것이 올바른 금융시장의 모습일까요?윤현철 법무법인 동인 변호사ㅣ",미국,서울 외
中 부동산 침체 속 3분기 성장률 4.6%…'5% 성장' 빨간불(종합2보),https://www.yna.co.kr/view/AKR20241018059153083?input=1195m,3일 전,"송고시간2024-10-18 14:47 중국이 올해 3분기 국내총생산(GDP) 성장률 4.6%를 기록했다고 중국 국가통계국이 18일 발표했다. 로이터·블룸버그통신이 각각 집계한 시장 전망치 4.5%를 소폭 웃도는 것이다. 중국 당국은 작년과 마찬가지로 올해 경제성장률 목표를 '5% 안팎'으로 정했으나 2분기에 이어 3분기에 성장률이 더 떨어지면서 1∼3분기 성장률 4.8%를 기록, 목표 달성에 적신호가 켜졌다는 관측이 나온다. [연합뉴스 자료사진]  (베이징·서울=연합뉴스) 정성조 특파원 이봉석 기자 = 중국이 올해 3분기 국내총생산(GDP) 성장률 4.6%를 기록했다고 중국 국가통계국이 18일 발표했다. 이는 로이터·블룸버그통신이 각각 집계한 시장 전망치 4.5%를 소폭 웃도는 것이다. 중국 경제매체 차이신은 3분기 성장률을 4.4%로 예상했다. 중국 경제는 작년 3분기 4.9%, 4분기 5.2%, 올해 1분기 5.3%를 기록하며 성장세를 이어오다 올해 2분기에는 4.7%의 둔화세로 돌아섰다. 중국 당국은 작년과 마찬가지로 올해 경제성장률 목표를 '5% 안팎'으로 정했으나 2분기에 이어 3분기에 성장률이 더 떨어지면서 1∼3분기 성장률 4.8%를 기록, 목표 달성에 적신호가 켜졌다는 관측이 나온다. 3분기 4.6% 성장률은 작년 1분기(4.5%) 이후 가장 낮은 성장률이기도 하다. 중국은 올해 내수와 부동산시장 침체가 이어지면서 경제 회복에 어려움을 겪고 있다. 건설 경기 둔화와 코로나19 봉쇄를 거치며 누적된 지방정부 부채 문제와 끊이지 않는 서방 진영과 무역 분쟁 등 중국 경제를 짓누르는 부담도 계속되는 중이다. 로이터는 ""중국 경제가 3분기에 예상보다 약간 더 성장했으나 장기화된 부동산 침체와 약한 소비가 걸림돌인 상황으로, 정책 결정권자들에 대한 추가 부양책 압박이 이어지고 있다""고 짚었다. 블룸버그는 ""2023년 3월 이후 가장 느린 성장세""라며 ""연간 성장률 목표를 달성하기 위해 추가 부양책이 필요하다""고 했다. 중국 국가통계국은 ""1∼3분기에는 복잡하고 준엄한 외부 환경과 국내 경제 운영상의 새로운 상황, 새로운 문제를 맞아 거시 조절 강도 강화와 국내 수요 확대, 증량정책(확장적 재정정책) 도입 등을 했다""며 ""9월에는 여러 생산·수요 지표가 호전됐고 시장 기대가 개선돼 경제 호전을 이끄는 긍정적 요인이 늘었다""고 자평했다. 국가통계국은 9월 산업 생산이 전년 동기 대비 5.4% 늘었고, 소매 판매는 3.2% 증가했다고 설명했다. 1∼9월 고정자산 투자는 전년 동기 대비 3.4% 늘었다. 그러나 1∼9월 부동산 개발 투자가 10.1% 줄어드는 등 경제 근간인 부동산 부문은 아직 침체를 벗어나지 못한 상황이다. 올해 9월까지 부동산업체들의 시공 면적은 총 71만5천968㎡으로 전년 동기에 비해 12.2% 줄었고, 신규 시공 면적은 22.4%, 준공 면적은 24.4% 각각 감소했다. 같은 기간 신축 부동산 판매 면적은 7만284㎡로 17.1%, 판매액은 총 6조8천880억위안(약 1천327조원)으로 22.7% 각각 줄었다. 9월 말 기준 미판매 부동산은 한해 전보다 13.4% 늘었다. 로이터통신은 국가통계국 데이터를 기반으로 계산한 결과 9월 중국 신축 주택 가격이 전년 대비 5.8% 하락해 2015년 5월 이후 가장 큰 폭으로 떨어졌다고 설명했다. 월간 비교를 해보면 9월 신축 주택 가격은 8월보다 0.7% 내려 15개월 연속 하락세를 이어갔다. 국가통계국은 1∼9월 전국 실업률이 5.1%로 전년 동기 대비 0.2%포인트(p) 떨어졌다고 덧붙였다. (서울=연합뉴스) 김영은 기자 0eun@yna.co.krX(트위터) @yonhap_graphics 페이스북 tuney.kr/LeYN1  xing@yna.co.kr 제보는 카카오톡 okjebo<저작권자(c) 연합뉴스,무단 전재-재배포, AI 학습 및 활용 금지>2024/10/18 14:47 송고",중국,서울 외
'잠실 래미안 아이파크' 특공에 4만명 가까이 몰려…140대 1,https://www.yna.co.kr/view/AKR20241021149700003?input=1195m,16시간 전,"송고시간2024-10-21 20:49 서울 송파구 신천동에 공급되는 '잠실 래미안 아이파크' 특별공급에 4만명 가까이 몰렸다. 21일 한국부동산원 청약홈에 따르면 이날 진행한 잠실 래미안 아이파크 282가구 특별공급 모집에 3만9천478명이 신청하며 평균 경쟁률 140대 1을 기록했다. 잠실 래미안 아이파크의 흥행은 예고된 일이라는 것이 분양업계 평가다. [삼성물산·HDC현대산업개발 제공. 재판매 및 DB 금지  (서울=연합뉴스) 권혜진 기자 = 서울 송파구 신천동에 공급되는 '잠실 래미안 아이파크' 특별공급에 4만명 가까이 몰렸다. 21일 한국부동산원 청약홈에 따르면 이날 진행한 잠실 래미안 아이파크 282가구 특별공급 모집에 3만9천478명이 신청하며 평균 경쟁률 140대 1을 기록했다. 생애 최초에 가장 많은 1만9천312명이 신청했으며, 신혼부부와 다자녀가구에는 각각 1만3천114명, 6천229명이 접수했다. 노부모 부양은 220명이 신청했다. 잠실 래미안 아이파크의 흥행은 예고된 일이라는 것이 분양업계 평가다. 20년 만에 잠실에 공급되는 대단지 신축 아파트인 데다, 분양가가 3.3㎡당 5천409만원으로 송파구 역대 최고가이지만 인근 아파트 시세보다는 낮은 편이어서 당첨 시 수억원의 시세 차익이 기대된다는 점에서다. 이 단지는 지하 4층∼지상 최고 35층 23개동, 총 2천678가구 규모로 이 중 전용면적 43∼104㎡, 589가구가 일반 분양 물량이다. 22일에는 1순위 해당지역(서울 2년 이상 거주자) 청약이 진행된다. lucid@yna.co.kr 제보는 카카오톡 okjebo<저작권자(c) 연합뉴스,무단 전재-재배포, AI 학습 및 활용 금지>2024/10/21 20:49 송고",서울,서울
"부동산 양극화 해소하려면…""지역 특화 인프라 조성하고, 세제 혜택 고...",https://www.hankyung.com/article/202410206652i,1일 전,"부동산 시장에서 수도권과 지방은 물론 같은 서울에서도 가격이나 선호도 쏠림 현상이 삼각하다는 게 전문가들의 진단이다. 건설사 간, 아파트 브랜드 간, 부동산 상품간 양극화 현상도 만연하고 있다. 이 같은 문제를 해소하기 위해서는 지역 특화 인프라를 조성해 인구 유입을 늘리고, 지방 악성 미분양 주택에 대한 취득세·양도세 감면 등을 고려해야 한다고 전문가들은 지적한다.서진형 광운대 부동산법무학과 교수(한국부동산경영학회장)는 “수도권과 지방의 양극화를 해소하기 위해서는 침체된 지역에 사람을 모을 수 있는 방안을 찾아야 한다”며 “개발 소외 지역에서 민간이 개발사업을 진행할 경우 세제 혜택을 주는 방법이 현실적 해결책 중 하나”라고 말했다.서 교수는 주택 공급의 90%가량을 차지하는 민간 부문의 공급을 확대하기 위해 규제를 풀어야 한다고 강조했다. 그는 “지방 일부 지역은 악성 미분양 물량이 여전히 쌓이고 있다”며 “다주택자 규제도 풀고, 2∼3년 넘은 악성 미분양은 취득세나 양도세 감면 같은 ‘당근책’을 제시해 분양을 유도할 필요가 있다”고 말했다.저출생 문제 등을 극복하기 위해 해외 인력 유치에도 나서야 한다고 지적했다. 서 교수는 “양극화가 지속되면 사회문제가 될 수 있다”며 “정치권에서도 ‘뜨거운 감자’라서 누구도 나서 얘기를 안 하고 있지만, 이민 정책을 완화해 해외 인력을 유치하는 전략도 펴야 한다”고 했다.김인만 김인만부동산경제연구소장은 “서울 내 개발 격차도 풀어야 할 숙제”라며 “수도권과 지방의 격차가 결국 일자리에서 나온 것을 감안하면 서울 안에서도 인프라가 부족한 지역에 양질의 일자리를 늘리는 방안을 모색해야 한다”고 말했다.이은형 대한건설정책연구원 연구위원은 “부동산 양극화는 결국 균형 발전과 연결되는 문제”라며 “개발이 잘 돼 있는 곳 중심으로 인구가 늘어날 수밖에 없다”고 진단했다. 그는 “모든 지역의 균등 발전은 물리적으로 불가능하기 때문에 선별적인 맞춤형 개발이 필요할 것”이라며 “교통망 확충 등을 통해 인프라가 잘 갖춰진 지역으로 접근성을 높여주는 것도 도움이 될 것”이라고 말했다.안정락 기자 jran@hankyung.com한명현 기자 wise@hankyung.com",경기도,서울 외
'정부 선 넘었다’...샤넬보다 치열한 '대출 오픈런' 또 [부동산 아토즈...,http://www.fnnews.com/news/202410181718433499,2일 전,"서울의 한 시중은행에 금융당국의 정책대출 상품인 디딤돌·버팀목 대출 관련 현수막이 걸려 있다. 사진=뉴스1[파이낸셜뉴스] 정부가 정책상품인 디딤돌 대출에 대해 한도축소 등 규제에 나선다고 하자 시장은 발칵 뒤집혔다. 부동산 커뮤니티에는 '이건 선을 넘었다' '서민들의 내집마련을 끊는 정책이다' 등 비난 여론이 쏟아졌다. 정부가 부랴부랴 ‘잠정 유예’ 한다고 밝혔지만 여진은 계속 이어지고 있다.앞서 박상우 국토교통부 장관은 “정책대출 대상을 줄이거나 정책 모기지 목표를 건드리는 일은 가급적 하지 않으려고 한다”고 밝힌 바 있다.시장에서는 정부의 현 기조를 고려해 볼 때 대출규제 강도를 계속 높여나갈 것으로 보고 있다. 디딤돌 대출 규제는 시간문제라는 분석이다.전세대출에 총부채원리금상환비율(DSR) 적용 역시 기정 사실로 받아들이고 있다.정부 선 넘었다...비판에 '잠정 유예'자료 : 홈페이지 캡처지난 2021년 하반기 신조어 가운데 하나가 ‘대출 오픈런’이다. 주택담보 대출이 꽉 막히자 수요자들이 대출을 받기 위해 이곳저곳을 돌아다녔다. ‘대출 난민’ ‘대출 오픈런’ 등의 기사가 연일 쏟아졌다.당시 문재인 정부의 가계대출총량관리 지침에 따라 시중은행들이 하나 둘 대출 문을 걸어 잠궜다. 담보대출은 물론 전세대출도 중단된 것이다. 시장은 대혼란에 빠졌고, 돈을 빌려주는 곳마다 사람들이 몰리면서 초유의 대출대란이 발생했다.현 정부 역시 올해 들어 슬슬 대출 문턱을 높여왔다. 지난해 9월 정책대출인 특례보금자리 대출 일반형과 50년 만기 주택담보대출 상품 판매을 중단했다. 올해는 9월에 2단계 스트레스 DSR(총부채원리금상환비율)을 도입했다.이어 디딤돌 대출을 규제한다는 소식이 전해졌다. 서민대출 간판 상품에 대해 규제하는 것에 대해 ‘이건 선을 넘었다’는 지적도 나왔다. 디딤돌 대출 규제는 일단 잠정 유예 됐다.한 전문가는 “대출규제를 악으로 여겨온 현 정부가 결국 수요억제 카드를 본격적으로 활용하기 시작했다”며 “내년에 추가 금리 인하가 예정된 만큼 디딤돌 대출 규제는 시간 문제이다”고 말했다.대출규제 2개월...아파트값 변동률 보니주 : 9월~10월 14일 자료 : 한국부동산원그렇다면 대출규제가 본격화된 지난 9월부터 시장은 어떤 변화를 겪고 있을까. 우려했던 대로 대출규제 여파가 비 강남권 및 지방에 영향을 미치고 있다.한국부동산원 주간 아파트값 통계를 보면 지난 9월부터 10월 14일까지 서울 아파트 매매가는 1.04% 올랐다. 경기는 0.54%, 인천은 0.45% 상승했다. 지방은 0.13% 집값이 하락했다.서울에서도 편차가 컸다. 강남 4구가 몰려 있는 동남권은 아파트값이 1.48% 상승했다. 특히 대출규제 이후 서초구가 1.91%로 가장 집값이 많이 올랐다. 그 뒤를 강남(1.70%), 성동(1.585), 용산(1.51%), 마포(1.51%) 등의 순이다. 이 기간 집값이 전국에서 가장 많이 오른 상위 10위권 가운데 경북 상주를 제외하고 서울 등 수도권 노른자 지역이 차지했다.주 : 9월~10월 14일 자료 : 한국부동산원고준석 연세대 상남경영원 교수는 “대출규제 이후 수요자들이 두 계층으로 나눠지고 있다”며 “자금여력이 부족한 수요자들의 경우 시장 진입이 어려운 상황이다”고 말했다.윤지해 부동산R114 수석연구원은 “외곽지역의 경우 가격 부담 문제가 아니라 대출이 안 나오고 줄어드니까 아예 못 사는 상황이 나타나고 있다”고 말했다.대출규제가 결국 집값 반등으로 이어질 수 있다는 지적도 나온다.윤 연구원은 “내년은 아마 풍선효과의 해로 보고 있다”며 “대출을 누르면 결국 전월세 시장이 불안하고, 결국에는 전월세 가격 불안이 매매 수요를 자극시킬 것으로 보인다”고 말했다.정부의 대출규제 강도에 따라 풍선효과들이 본격적으로 나올 수 있다는 지적이다.고 교수는 “문재인 정부 때 경험한 것처럼 억누르면 항상 부작용이 생기게 된다”며 “대출규제에 시장이 적응한 뒤 연말이나 내년 초께 반등할 수도 있다”고 말했다.ljb@fnnews.com 이종배 기자※  저작권자 ⓒ 파이낸셜뉴스, 무단전재-재배포 금지",서울,서울
"中증시, 부동산대책 발표에도 하락…상하이 1%↓(종합)",https://www.yna.co.kr/view/AKR20241017118451009?input=1195m,4일 전,"송고시간2024-10-17 17:56 중국 증시가 17일 중국 당국의 부동산 대책 발표에도 불구하고 하락했다. 블룸버그 통신에 따르면 상하이종합지수는 이날 오전 부동산 대책 기자회견 이후 등락을 거듭하다 33.56포인트(1.05%) 내린 3169.38에 마감했다. 상하이·선전증시 시가총액 상위 300개 종목으로 구성된 CSI 300 지수 역시 1.13% 내림세로 종료됐다. [로이터 연합뉴스]  (서울=연합뉴스) 이봉석 기자 = 중국 증시가 17일 중국 당국의 부동산 대책 발표에도 불구하고 하락했다. 블룸버그 통신에 따르면 상하이종합지수는 이날 오전 부동산 대책 기자회견 이후 등락을 거듭하다 33.56포인트(1.05%) 내린 3169.38에 마감했다. 선전종합지수도 10.27포인트(0.56%) 하락한 1831.89로 장을 마쳤다. 상하이·선전증시 시가총액 상위 300개 종목으로 구성된 CSI 300 지수 역시 1.13% 내림세로 종료됐다. 홍콩 항셍지수는 1.20% 하락한 채 마감했다. 특히 중국 본토와 홍콩의 부동산지수는 각각 7.9%와 6.7% 떨어졌다고 로이터 통신이 보도했다. 자금난에 빠진 부동산업체를 지원하는 '화이트리스트' 대출금에 대해 올해 안에 한화 340조원을 추가로 투입하는 것을 골자로 한 이날 부동산 대책에 대한 투자자들의 실망감 때문이라고 로이터는 짚었다. 로이터는 니훙 중국 주택도시농촌건설부장(장관)의 이날 기자회견에 대해 시장을 흥분시킬만한 새로운 조치는 없었다고 평가했다. 또 이날 노후주택 100만호를 추가 개조하겠다는 대책도 나왔는데, 기자회견 종료 후 취재진이 여기에 필요한 자금 규모에 대해 물었지만 니 부장은 ""추정치가 있다""고 말했을 뿐 수치를 공개하지 않았다고 홍콩 사우스차이나모닝포스트(SCMP)는 전했다. 중국 자산관리사 상하이소수파투자관리 애널리스트들은 로이터에 ""100만호 추가 개조 계획 자체도 기대에 못 미치고, 중국이 2015년 발표한 판자촌 1천800만호 개조 계획과 비교해도 한참 떨어진다""고 지적했다. anfour@yna.co.kr 제보는 카카오톡 okjebo<저작권자(c) 연합뉴스,무단 전재-재배포, AI 학습 및 활용 금지>2024/10/17 17:56 송고",중국,서울 외
"""부동산 대출 확 풀겠다""…다급한 상황에 '초강수' 던진 中",https://www.hankyung.com/article/2024101721851,A10면 1단,"중국 동부 장쑤성 화이안에서 17일 대규모 주거 단지가 건설되고 있다. 중국 정부는 이날 자금난을 겪는 부동산 프로젝트에 유동성을 공급해 시장 활성화를 지원하기로 했다.  AFP연합뉴스중국 정부가 침체한 부동산시장을 살리기 위해 자금난에 빠진 부동산 업체에 연말까지 1조7700억위안(약 340조원)을 긴급 투입하기로 했다.니훙 중국 주택도시농촌건설부 장관은 17일 ‘부동산시장의 건강한 발전 촉진’ 관련 기자회견을 열고 이 같은 정책을 발표했다. 중국 정부는 부동산 부문 화이트리스트(당국의 우선 지원 대상)를 확대하고 은행 대출을 연말까지 4조위안 규모로 늘릴 방침이다. 지금까지 이미 승인 완료된 부동산 부문 화이트리스트 대출 규모는 2조2300억위안이다.아울러 저소득층의 주택 구입을 위해 보증금을 확대하고, 주요 도시 낙후지역에서 100만 가구의 주택 개조 작업을 시작하기로 했다.중국은 지난달 말부터 경제 성장 회복을 위해 대규모 경기부양책을 내놓고 있다. 부동산 위기는 중국 경제의 발목을 잡는 가장 큰 장애 요인이다.다급한 中…대출 풀고 노후주택 사들인다中, 340조원 긴급투입 '파격'…연내 대출규모 767조원으로 확대중국 정부가 수년째 내리막길을 걷고 있는 부동산 시장을 활성화하는 데 팔을 걷어붙였다. 부동산 시장을 살리지 않고서는 어떤 부양책을 내놔도 고꾸라지는 경제성장률을 끌어올릴 수 없다는 판단에서다.○돈 풀고 리노베이션까지니훙 중국 주택도시농촌건설부장(장관)은 17일 국무원 신문판공실에서 기자회견을 열고 부동산 부문 화이트리스트 대출 규모를 연말까지 4조위안으로 확대한다고 밝혔다. 부동산 개발 업체의 합리적인 자금 조달을 지원해 냉각된 부동산 시장에 온기를 불어넣겠다는 게 이번 조치의 취지다.화이트리스트는 중국 정부가 경영에 어려움을 겪는 우량 국유·민간 부동산 기업에 유동성을 지원하기 위해 고안된 제도다. 건설 프로젝트를 시공 중이고 적합한 담보물이 있는 부동산 업체를 대상으로 한다. 사업성은 있지만 자금난으로 프로젝트를 운영하기 어려운 부동산 회사에 긴급하게 유동성을 투입해 부동산 시장의 구조적 리스크를 해소하겠다는 전략이다.아울러 중국 정부는 대규모 주택 개조 사업을 동시에 추진하기로 했다. 도시 내 낙후지역에 있는 노후 주택을 개조해 저렴하게 공급하겠다는 것이다. 중국 전역 대도시에서만 개조가 필요한 주택은 170만 가구로 추산된다. 조건에 부합하는 낡고 위험한 주택 100만 가구부터 개조 사업을 시작해 주택 소비자의 매수 심리를 확대하는 효과를 노렸다. 주택담보대출 금리를 인하하고 2주택 대출 최소 계약금 비율을 25%에서 15%로 낮추는 등 기존에 발표한 부동산 관련 금융 조치 역시 지속적으로 이행하기로 했다.이날 타오링 중국 인민은행 부행장은 “금리 인하 등 포괄적인 금융 정책을 이미 발표했는데, 이번에 나온 부동산 활성화 대책과 맞물려 소비자의 신뢰 제고와 시장 안정화에 긍정적 영향을 미칠 것”이라고 말했다.○시장은 실망…부동산 업종 주가 하락3분기 국내총생산(GDP) 발표(18일)를 하루 앞두고 긴급하게 부동산 대책을 내놓은 건 그만큼 중국의 부동산 시장 침체가 심각하다는 의미다. 중국 부동산 시장은 2021년 대형 부동산 개발 업체 헝다가 채무불이행에 빠진 뒤 급격하게 얼어붙었다. 부동산 개발 업체가 줄지어 파산하고 전국 부동산 프로젝트가 대거 중단됐다. 중국의 부동산 부문 투자는 올 들어 8개월간 전년 동기 대비 10.2% 감소했다. 같은 기간 주택 매매는 23.6% 줄었다.이런 부동산 시장 침체는 가계 소비에까지 타격을 줬다. 중국 가계 자산의 65%가 부동산이기 때문이다. 부동산 시장과 연관된 건설, 시멘트, 철강 산업도 줄줄이 위축됐다. 부동산 시장에서 촉발된 침체는 중국 경제 전반의 활력을 꺼뜨렸다.이 때문에 중국 정부가 제시한 올해 경제성장률 5% 안팎을 달성하는 것도 위태로워졌다. 중국은 지난해 5.2%, 지난 1분기엔 5.3% 성장했다. 하지만 내수와 투자, 외국인직접투자(FDI)까지 쪼그라들면서 2분기 성장률은 4.7%로 꺾였다. 블룸버그통신과 중국 경제 매체 차이신 등은 3분기 GDP가 전년 동기 대비 4.4% 증가하는 데 그쳤을 것이라고 관측한다.그러나 이번 부동산 대책을 두고 전문가와 시장 참여자는 “아쉽다”는 반응을 보인다.블룸버그는 “투자자들은 더 강력한 정책을 원하면서 발표 직후 부동산 업종 주가가 일제히 하락했다”며 “미분양 주택 매수를 위한 특별채권 규모 등에 정부의 반응이 추가로 요구된다”고 평가했다.김은정 기자 kej@hankyung.com",중국,서울 외
"김민재 25억 고급주택, 이웃집 보니 깜짝…누가 살길래? [집코노미-핫!부...",https://www.hankyung.com/article/2024101956777,2일 전,"대한민국 축구 국가대표 김민재(좌). 경기 구리시 아천동 워커힐포도빌. /사진=연합뉴스, 네이버지도 거리뷰 캡처대한민국 축구 국가대표 선수인 '괴물 수비수' 김민재가 배우 현빈·손예진 부부, 오연서 등과 이웃이 됐다. 경기도 구리시 아치울마을 한 고급주택 전세 계약을 체결하면서다.19일 부동산업계 등에 따르면 지난 6월 경기 구리시 아천동 아치울마을 소재 '워커힐포도빌 전용면적 192.3730㎡(1층)'는 25억원에 전세 계약이 체결됐다.전세권자는 김민재로, 계약 기간은 오는 2026년 6월까지다. 현재 전세권 설정은 완료된 상태다.지난 2019년 준공된 워커힐포도빌은 전원형 고급 빌라다. 4층으로, 펜트하우스 1가구를 포함해 총 7가구 규모다. 배우 현빈·손예진 부부, 오연서 등이 소유하는 것으로 알려졌다.커뮤니티로 부대 장비 및 청소 서비스가 제공되는 글램핑장과 야외 바베큐시설, 카페테리아, 라운지 등이 마련됐고 맥주, 와인, 음료가 무료로 제공된다. 전 가구에 유럽 명품가구 및 가전이 적용됐다.구리 아치울마을은 프라이빗하게 전원생활을 즐길 수 있으면서도, 서울 강남까지 자차로 15분 거리에 있어 신흥 부촌으로 자리매김하고 있다. 한강, 아차산, 용마산 등에 둘러싸여 있는 배산임수 지형을 갖췄고 서울 도심 주택 대비 사생활 보호에 유리해 연예계 인사, 기업인 다수가 아치울마을 소재 주택을 소유하고 있는 것으로 알려졌다.독일 분데스리가 FC바이에른 뮌헨에서 뛰는 김민재는 연봉으로 약 250억원을 받는 것으로 전해진다. 한국 축구 선수 중 최고 연봉인 것으로 추정된다.신현보 한경닷컴 기자 greaterfool@hankyung.com",구리시,서울 외
'아기 돌 반지까지 팔았는데'...영끌 장만 새 아파트 드론택시 못 탄다...,http://www.fnnews.com/news/202410180817367434,3일 전,"[파이낸셜뉴스]'부동산 산책’은 전문가들이 부동산 이슈와 투자정보를 엄선해 독자들에게 전달할 예정입니다. <편집자주>UAM 및 버티포트 구상도. 사진=연합뉴스최근 제주에서 열린 민생토론회에서 윤석열 대통령이 '도심항공교통(UAM)'을 제주 관광 인프라의 한 축으로 만들겠다고 밝혔습니다. 이를 위해 제주를 UAM 시범운용구역으로 지정할 예정이라고 합니다.이런 추세라면 국내 최초로 UAM이 제주에서 상용화될 것이 거의 확실해 지고 있는데요. 이를 계기로 빠른 속도로 UAM이 관광산업에 투입되면서 지방소멸 방지에도 도움을 줄 것으로 기대되고 있습니다.드론택시 상용화...자가용 UAM 시대 온다그렇다면 UAM이 관광산업에만 주로 사용될까요. 이미 두바이·싱가포르는 내년부터 UAM을 택시로 활용키로 하고 마지막 점검을 하고 있습니다. 오사카도 내년 엑스포에서 공항부터 전시장까지 시범운용을 한다고 합니다.우리도 UAM이 미래 일자리 창출이 될 산업으로 성장될 가능성이 높습니다. 서울을 비롯해 대도시에 늦어도 5년안에 UAM 응급의료 서비스나 화재·재난 등의 시스템이 갖춰질 전망입니다.지방의 경우도 산악지역부터 도서지역까지 빠르게 도입되면서 일상 교통망으로 정착될 것으로 보입니다. 대도시에서는 일명 드론택시라고 불리는 대중교통 서비스는 물론이고, 10년 뒤면 개인들이 자가용 UAM을 사서, 직접 활용하는 시대도 올 예정입니다.현대자동차그룹의 AAM(미래항공모빌리티) 독립 법인인 슈퍼널이 공개한 드론택시. 사진=뉴스1새 아파트서 드론택시 이용...현행 건축법 보니그런데 신축 아파트에서 UAM을 활용할 수 없다면 어떨까요.현행 건축법 제49조에는 ‘건축물의 피난시설 및 용도제한’ 규정이 있습니다. 시행령 제 40조 ‘옥상광장 등의 설치’ 기준에서는 11층 이상 건축물이면서 바닥면적 합계가 1만㎡ 이상으로 평지붕으로 하는 경우에 헬리포트나 헬리콥터를 통해 인명 등을 구조할 수 있는 공간을 만들도록 규정하고 있습니다.문제는 ‘헬리포트 및 구조공간 설치 기준’은 있는데, 정작 헬기보다 훨씬 가볍고 작은 UAM에 대한 설치기준이 없다는 겁니다. 현재 인허가를 받고 공사중인 아파트나 오피스·호텔·상가 특히 병원이나 소방서 등에서는 UAM 이착륙 기능이 없어 활용이 안될 가능성이 높아지고 있습니다.건축물은 설계 후 인허가 받고 준공하려면 최소 5년 이상 소요가 됩니다. 규정이 없다보니 현재 진행중인 강남권 대단지나 1기신도시 선도지구 아파트에서는 드론택시, 즉 UAM이 옥상에 착륙할 수 없는 형태가 됩니다.그러면 UAM이 활성화 되더라도 응급시에 다른 건물로 이동해서 탑승해야 하는데, 과연 그 아파트 가치는 얼마나 유지될까요.향후 UAM이 상용화되면 건물 상층부에 UAM 주차장까지 설치된 빌딩의 가치가 더 많이 오를 겁니다.지금 설계하고 있는 아파트나 빌딩에는 버티포트가 포함되지 않고 있습니다.정부가 모든 건물에 버티포트가 포함되도록, 특히 일정규모 이상 건물에는 아예 UAM 주차장이 포함되도록 건축법을 빠른 시일 내에 개정해야 합니다./최원철 한양대학교 부동산융합대학원 교수※이 글은 필자의 주관적인 견해이며, 본지의 편집 방향과 다를 수 있습니다.ljb@fnnews.com 이종배 기자#부동산산책#최원철교수#드론택시#UAM※  저작권자 ⓒ 파이낸셜뉴스, 무단전재-재배포 금지",제주,서울 외
3분기 서울 주요 업무권역 평균 공실률·임대료 동반 상승,https://www.yna.co.kr/view/AKR20241022072500003?input=1195m,1시간 전,"송고시간2024-10-22 11:25 지난 3분기 서울 주요 업무권역의 A급 오피스 빌딩 평균 공실률과 임대료가 나란히 상승한 것으로 나타났다. 22일 글로벌 상업용 부동산 컨설팅 기업인 쿠시먼앤드웨이크필드 코리아가 발간한 3분기 오피스 시장 보고서에 따르면 평균 공실률은 전 분기 대비 0.2%포인트 오른 3.1%로 집계됐다. [연합뉴스 자료사진]  (서울=연합뉴스) 권혜진 기자 = 지난 3분기 서울 주요 업무권역의 A급 오피스 빌딩 평균 공실률과 임대료가 나란히 상승한 것으로 나타났다. 22일 글로벌 상업용 부동산 컨설팅 기업인 쿠시먼앤드웨이크필드 코리아가 발간한 3분기 오피스 시장 보고서에 따르면 평균 공실률은 전 분기 대비 0.2%포인트 오른 3.1%로 집계됐다. 임대료는 전 분기 대비 0.9% 상승했다. 권역별로 보면 서울 강남업무지구(GBD)의 공실률이 3.0%로 전 분기 대비 0.6%포인트 올랐다. 이에 따라 지난 3년간 0∼2%대에서 오르내리던 GBD 공실률은 처음으로 3%대로 올라섰다. GBD의 높은 임대료 상승이 원인으로 지목된다. 임대료 부담으로 기업들이 면적을 줄이거나 다른 지역으로 옮겨갔기 때문이다. 지난 3분기 GBD의 임대료 상승률은 1.6%를 기록했다. 보고서는 ""국내 대기업 중 일부도 임차 계약 재검토에 나서면서 향후 공실률에 추가적인 영향을 미칠 수 있다""고 밝혔다. 여의도업무지구(YBD) 권역 공실률도 전 분기보다 0.2%포인트 상승한 3.4%를 나타냈다. 현재 리모델링 중인 원센티널(신한금융투자타워) 일부 층이 계약됐으나, 잔여층 계약 여부에 따라 향후 YBD 공실률에 영향을 미칠 가능성이 있다고 보고서는 밝혔다. 다만 종로구와 중구가 포함된 도심업무지구(CBD) 공실률은 3.1%로, 주요 업무 지구 중 유일하게 공실률이 하락했다. 3분기에 대형 면적 계약이 다수 체결된 영향이다. 코리안리가 본사 재건축에 따른 임시 거처로 시그니처타워를 선택하고 계약을 완료했으며, 법무법인 세종과 신한라이프는 각각 디타워 광화문과 그레이츠 숭례에서 증평 계약을 체결했다. 지난 분기 준공된 메리츠강북타워에는 코멘토가 입주한다. 그랜드센트럴도 일부 임차사 증평으로 건물 내 잔여 공실이 해소됐다. lucid@yna.co.kr 제보는 카카오톡 okjebo<저작권자(c) 연합뉴스,무단 전재-재배포, AI 학습 및 활용 금지>2024/10/22 11:25 송고",서울특,서울 외
"中, 3분기 GDP 발표 하루 앞두고 '부동산 대책' 내놨다",https://www.hankyung.com/article/202410170832i,5일 전,"중국 정부가 침체된 부동산 시장을 살리기 위해 화이트리스트(정부가 선정한 우량 부동산) 대출 공급을 연말까지 4조위안으로 늘리고 100만가구 주택을 개조하기로 했다.17일 니훙 중국 주택도시농촌건설부장(장관)과 중국 인민은행, 국가금융감독관리총국 책임자는 ‘부동산 시장의 건강한 발전 촉진’ 관련 기자회견을 열고 이같은 내용을 발표했다.이날 기준 중국의 화이트 리스트 프로젝트 대출 규모는 2조2000억위안이다. 이를 연말까지 두배로 늘려 4조위안으로 키우겠다는 게 중국 정부의 목표다. 이를 통해 부동산 프로젝트 관리를 더 표준화하고 자금 조달 속도를 높이겠다는 방침이다.이번 조치는 지난달 말 중국의 대규모 경기부양책 발표 이후 처음올 나온 새로운 부동산 지원 조치라 시장 안팎의 관심을 끌었다.중국 부동산 시장의 지속적인 어려움은 중국의 성장 회복을 가로막는 가장 큰 장애물 중 하나였다. 중국의 부동산 부문 투자는 올 들어 8개월 간 전년 같은 기간 대비 10.2% 감소했다. 주택 매매는 23.6% 감소했다. 부동산 부문은 건설 등 인접 산업과 함께 중국 연간 국내총생산(GDP)의 약 3분의 1을 차지하고 있다. 총 가계 자산의 65%를 차지하고 있기도 하다.지난달 말 중국의 대규모 경기 부양책 발표 이후 국경절 연휴를 계기로 부동산 시장이 살아나는 조짐이 나타났다. 베이징, 상하이, 선전 등 대도시에선 주택 매수와 매수 희망이 늘었다. 하지만 중국 상업용 부동산 시장은 여전히 고전을 면치 못하고 있다.블룸버그통신에 따르면 대도시 상업용 부동산 시장에서 임대인들은 임차료를 깎고 있고, 일부는 기업을 다시 유치하기 위해 보조금을 지급하고 있다. 상하이의 경우 사무실 공실률이 올 3분기 21.5%까지 치솟았다. 최근 20년 간 가장 높은 수준이다.한편 중국 해관총서는 18일 오전에 올 3분기 GDP 증가율과 9월 산업 생산, 소매 판매 지표를 발표한다. 중국의 3분기 경제 성장률은 지난해 1분기 후 가장 낮은 수준일 것이란 관측이 많다.블룸버그가 이코노미스트들을 대상으로 설문한 조사결과에 따르면 중국의 3분기 GDP 증가율운 연율 4.5%로 분석됐다. 2023년 1분기(4.5%) 후 6개 분기만에 가장 낮은 성장세다. 전문가들의 분석대로라면 중국의 1~3분기 GDP 증가율은 4.9%로, 중국의 올해 '5% 안팎' 경제성장률 목표을 간신히 달성할 전망이다.김은정 기자 kej@hankyung.com",중국,서울 외
"""사기꾼 부녀 나란히 징역형""…전청조 父, 16억원 가로채 실형",https://www.hankyung.com/article/2024102206267,2시간 전,"작년 12월 전청조의 아버지 전창수 검거 당시 폐쇄회로(CC)TV 화면. 경찰이 카키색 점퍼를 입은 전씨를 붙잡고 있다. / 사진=유튜브 채널 연합뉴스tv 영상 캡처전청조의 아버지인 전창수(61)씨에게 징역 5년 6개월의 실형이 확정됐다.22일 법조계에 따르면 대법원 제1부는 사기 혐의로 기소된 전 씨의 상고를 기각하고 원심이 내린 5년 6개월의 징역형을 전날 확정했다.2018년 2~6월 전씨는 부동산 회사를 운영하는 A씨를 상대로 6회에 걸쳐 16억 1000만원 상당을 가로챈 혐의를 받았다. 전씨는 ""개인에게 돈을 송금하면 창업 대출이 더 쉽게 이뤄질 수 있다""고 속여 개인 통장으로 돈을 전달받은 뒤 연락을 끊고 잠적했다.A씨는 2015년부터 2년 6개월간 전씨가 잠적하기 직전까지 그와 교제한 사이로 전해졌다. 앞서 전씨는 ""결혼하자, 같이 살 집을 구하자"", ""사무실을 차려달라""며 여러 차례 돈을 요구하기도 했다.범행 이후 5년간 도피 생활을 하던 전씨는 지난해 12월 25일 오후 3시 20분께 전남 보성 벌교읍의 한 인력 중개 사무실에 침입해 휴대전화를 훔쳐 달아나다 경찰에 긴급 체포됐다.1심 재판부는 ""피해 금액이 16억 원이 넘고 범행 이후 피해자와 연락을 두절한 뒤 잠적하는 등 죄질이 나쁘다""며 ""피해 회복이 전혀 이뤄지지 않고 용서받지 못한 점을 고려해 형을 정했다""고 양형 이유를 설명했다.이에 검찰과 전 씨 측은 각각 양형 부당을 이유로 항소했다. 그러나 2심 재판부는 ""원심이 선고한 형이 재량의 합리적인 범위 내에서 이뤄졌다""며 양측의 항소를 모두 기각했다.한편, 전씨의 딸인 전청조는 재벌 3세를 사칭해 수십억원대 투자 사기를 벌인 혐의로 지난 7월 1심에서 징역 12년을 선고받았다. 이외에도 전청조는 남자로 위장해 전직 국가대표 펜싱 선수 남현희를 상대로 혼인 빙자 사기를 벌이는 등 각종 사기 사건에 연루돼 논란이 된 바 있다.성진우 한경닷컴 기자 politpeter@hankyung.com",N/A,서울 외
강남구 법인조사팀 '활약'…신설 석달만에 세원 115억원 발굴,https://www.yna.co.kr/view/AKR20241022026000004?input=1195m,4시간 전,"송고시간2024-10-22 08:23 서울 강남구(구청장 조성명)는 지난 7월 신설한 법인조사팀을 통해 현장 중심 기획조사를 벌여 석 달 만에 조세 포탈 33건을 적발, 115억원의 세원을 발굴했다고 22일 밝혔다. 올해 1~10월 발굴한 세액이 총 149억원으로, 전년 같은 기간(52억원)의 약 3배에 육박하는데, 법인조사팀 신설 이후 3개월여 만에 115억원을 찾아내 짧은 기간 내에 성과를 극대화한 것이다. 조성명 구청장은 ""강남구는 서울 자치구 중 법인이 가장 많은 지역으로, 일부 법인의 지능화된 조세회피 행위에 단호하게 대처하겠다""며 ""앞으로도 세무조사 역량을 강화해 성실한 납세자가 존중받는 문화를 만들고, 구 재정 안정에 기여하겠다""고 강조했다. [강남구 제공. 재판매 및 DB 금지]  (서울=연합뉴스) 정준영 기자 = 서울 강남구(구청장 조성명)는 지난 7월 신설한 법인조사팀을 통해 현장 중심 기획조사를 벌여 석 달 만에 조세 포탈 33건을 적발, 115억원의 세원을 발굴했다고 22일 밝혔다. 올해 1~10월 발굴한 세액이 총 149억원으로, 전년 같은 기간(52억원)의 약 3배에 육박하는데, 법인조사팀 신설 이후 3개월여 만에 115억원을 찾아내 짧은 기간 내에 성과를 극대화한 것이다. 이번 조사에서는 실제 운영하지 않는 휴면법인을 인수해 강남구에 부동산을 취득한 사례가 20건 적발됐다. 이들은 휴면법인 명의를 이용해 세금을 회피하며 총 68억원의 탈루를 시도했다. 또 과밀억제권역 외 지역에 설립한 법인이 강남구에서 부동산을 취득해 본·지점으로 운영한 4건의 사례를 확인하고 총 18억원의 세금을 추징했다. 수영장이 포함된 주상복합건물을 신축한 후 사실상 전체 고급주택으로 사용한 사례에서는 9억원의 탈루가 적발됐다. 조성명 구청장은 ""강남구는 서울 자치구 중 법인이 가장 많은 지역으로, 일부 법인의 지능화된 조세회피 행위에 단호하게 대처하겠다""며 ""앞으로도 세무조사 역량을 강화해 성실한 납세자가 존중받는 문화를 만들고, 구 재정 안정에 기여하겠다""고 강조했다. prince@yna.co.kr 제보는 카카오톡 okjebo<저작권자(c) 연합뉴스,무단 전재-재배포, AI 학습 및 활용 금지>2024/10/22 08:23 송고",서울,서울
'10억원 시세 차익' 잠실 래미안 아이파크 특공...4만명 몰려,http://www.fnnews.com/news/202410220512496671,7시간 전,"잠실 래미안 아이파크 단지 설계도. [사진=래미안, 아이파크][파이낸셜뉴스] 서울 송파구 신천동 소재 잠실 진주아파트를 재건축한 '잠실 래미안 아이파크' 특별공급에 4만명 가까이 몰렸다.22일 한국부동산원 청약홈에 따르면 전날(21일) 진행한 잠실 래미안 아이파크 282가구 특별공급 모집에 3만9478명이 신청하며 평균 경쟁률 140대 1을 기록했다.생애 최초에 가장 많은 1만9312명이 신청했다. 신혼부부와 다자녀가구에는 각각 1만3114명, 6229명이 접수했다. 노부모 부양은 220명이 신청했다.잠실 래미안 아이파크는 20년 만에 잠실에 공급되는 대단지 신축 아파트로 분양가가 3.3제곱미터당 5409만원으로 송파구 역대 최고가다. 다만 인근 아파트 시세보다는 낮은 편이어서 당첨 시 최대 10억원의 시세 차익이 기대된다는 전망이 나온다.지하철 8호선 몽촌토성역과 맞닿아있고 잠실역(2·8호선), 잠실나루역(2호선), 한성백제역(9호선) 모두 도보 10분 거리 내 있어 교통도 편리하다.잠실 래미안 아이파크는 특별공급과 1순위 청약에 이어 24일 2순위 청약을 실시하고 이달 30일 당첨자를 발표한다. 계약은 다음달 12~15일이다.전매제한 3년, 실거주의무기간 2년으로 당첨 직후 분양권을 팔아 차익을 남기는 식의 투자는 어렵다.hsg@fnnews.com 한승곤 기자※  저작권자 ⓒ 파이낸셜뉴스, 무단전재-재배포 금지",송파구,서울
中 부동산 침체 속 3분기 성장률 4.6%…'5% 성장' 빨간불(종합2보),https://www.yna.co.kr/view/AKR20241018059153083?input=1195m,3일 전,"송고시간2024-10-18 14:47 중국이 올해 3분기 국내총생산(GDP) 성장률 4.6%를 기록했다고 중국 국가통계국이 18일 발표했다. 로이터·블룸버그통신이 각각 집계한 시장 전망치 4.5%를 소폭 웃도는 것이다. 중국 당국은 작년과 마찬가지로 올해 경제성장률 목표를 '5% 안팎'으로 정했으나 2분기에 이어 3분기에 성장률이 더 떨어지면서 1∼3분기 성장률 4.8%를 기록, 목표 달성에 적신호가 켜졌다는 관측이 나온다. [연합뉴스 자료사진]  (베이징·서울=연합뉴스) 정성조 특파원 이봉석 기자 = 중국이 올해 3분기 국내총생산(GDP) 성장률 4.6%를 기록했다고 중국 국가통계국이 18일 발표했다. 이는 로이터·블룸버그통신이 각각 집계한 시장 전망치 4.5%를 소폭 웃도는 것이다. 중국 경제매체 차이신은 3분기 성장률을 4.4%로 예상했다. 중국 경제는 작년 3분기 4.9%, 4분기 5.2%, 올해 1분기 5.3%를 기록하며 성장세를 이어오다 올해 2분기에는 4.7%의 둔화세로 돌아섰다. 중국 당국은 작년과 마찬가지로 올해 경제성장률 목표를 '5% 안팎'으로 정했으나 2분기에 이어 3분기에 성장률이 더 떨어지면서 1∼3분기 성장률 4.8%를 기록, 목표 달성에 적신호가 켜졌다는 관측이 나온다. 3분기 4.6% 성장률은 작년 1분기(4.5%) 이후 가장 낮은 성장률이기도 하다. 중국은 올해 내수와 부동산시장 침체가 이어지면서 경제 회복에 어려움을 겪고 있다. 건설 경기 둔화와 코로나19 봉쇄를 거치며 누적된 지방정부 부채 문제와 끊이지 않는 서방 진영과 무역 분쟁 등 중국 경제를 짓누르는 부담도 계속되는 중이다. 로이터는 ""중국 경제가 3분기에 예상보다 약간 더 성장했으나 장기화된 부동산 침체와 약한 소비가 걸림돌인 상황으로, 정책 결정권자들에 대한 추가 부양책 압박이 이어지고 있다""고 짚었다. 블룸버그는 ""2023년 3월 이후 가장 느린 성장세""라며 ""연간 성장률 목표를 달성하기 위해 추가 부양책이 필요하다""고 했다. 중국 국가통계국은 ""1∼3분기에는 복잡하고 준엄한 외부 환경과 국내 경제 운영상의 새로운 상황, 새로운 문제를 맞아 거시 조절 강도 강화와 국내 수요 확대, 증량정책(확장적 재정정책) 도입 등을 했다""며 ""9월에는 여러 생산·수요 지표가 호전됐고 시장 기대가 개선돼 경제 호전을 이끄는 긍정적 요인이 늘었다""고 자평했다. 국가통계국은 9월 산업 생산이 전년 동기 대비 5.4% 늘었고, 소매 판매는 3.2% 증가했다고 설명했다. 1∼9월 고정자산 투자는 전년 동기 대비 3.4% 늘었다. 그러나 1∼9월 부동산 개발 투자가 10.1% 줄어드는 등 경제 근간인 부동산 부문은 아직 침체를 벗어나지 못한 상황이다. 올해 9월까지 부동산업체들의 시공 면적은 총 71만5천968㎡으로 전년 동기에 비해 12.2% 줄었고, 신규 시공 면적은 22.4%, 준공 면적은 24.4% 각각 감소했다. 같은 기간 신축 부동산 판매 면적은 7만284㎡로 17.1%, 판매액은 총 6조8천880억위안(약 1천327조원)으로 22.7% 각각 줄었다. 9월 말 기준 미판매 부동산은 한해 전보다 13.4% 늘었다. 로이터통신은 국가통계국 데이터를 기반으로 계산한 결과 9월 중국 신축 주택 가격이 전년 대비 5.8% 하락해 2015년 5월 이후 가장 큰 폭으로 떨어졌다고 설명했다. 월간 비교를 해보면 9월 신축 주택 가격은 8월보다 0.7% 내려 15개월 연속 하락세를 이어갔다. 국가통계국은 1∼9월 전국 실업률이 5.1%로 전년 동기 대비 0.2%포인트(p) 떨어졌다고 덧붙였다. (서울=연합뉴스) 김영은 기자 0eun@yna.co.krX(트위터) @yonhap_graphics 페이스북 tuney.kr/LeYN1  xing@yna.co.kr 제보는 카카오톡 okjebo<저작권자(c) 연합뉴스,무단 전재-재배포, AI 학습 및 활용 금지>2024/10/18 14:47 송고",중국,서울 외
청약 당첨 10명 중 8명은 40대 이하…특공 생애최초·신혼부부 강세,https://www.mk.co.kr/article/11146575,3시간 전,"서울과 수도권 중심으로 집값이 상승하면서 청약 열기 역시 뜨거워지는 가운데 올해 청약 당첨자는 40대 이하가 주를 이루는 것으로 나타났다. 22일 한국부동산원 청약홈 연령별 청약 당첨자 정보를 보면, 올해 1~8월 40대 이하 당첨건수는 5만7388명으로 전체 당첨건수 7만3823건의 77.7%에 달했다. 이 같은 추세를 볼 때 직주근접 입지이거나 학군이 잘 갖춰진 단지 등 40대 이하 수요에 맞춘 단지가 앞으로 인기를 끌 것으로 업계는 보고 있다. 올해 아파트 특별공급 역시 청약자 10명 중 8명은 생애최초와 신혼부부 유형에 신청했다. 부동산 전문 리서치업체 리얼투데이에 따르면 올해 1∼9월 분양에서 특별공급 신청 건수는 총 28만3367건으로, 이 중 생애최초 유형 신청은 15만4478건(54.5%)에 달해 가장 많았다. 신혼부부 유형이 8만7398건(30.8%)으로, 생애최초와 신혼부부 신청 건을 합하면 전체의 85.3%였다. 이어, 다자녀 가구 3만3776건(11.9%), 노부모 부양 4395건(1.6%), 기관 추천 3059건(1.1%), 신생아 263건(0.1%) 등이었다. 이 역시 최근 청약 수요자가 40대 이하 젊은층이 주를 이루면서 생애최초와 신혼부부 유형에 신청이 몰리는 것으로 분양업계는 판단하고 있다. 리얼투데이 관계자는 “3040세대 취향을 저격하는 단지에 수요자 관심이 앞으로 몰릴 전망”이라고 말했다.",서울특,서울 외
'잠실 래미안 아이파크' 특공에 4만명 가까이 몰려…140대 1,https://www.yna.co.kr/view/AKR20241021149700003?input=1195m,16시간 전,"송고시간2024-10-21 20:49 서울 송파구 신천동에 공급되는 '잠실 래미안 아이파크' 특별공급에 4만명 가까이 몰렸다. 21일 한국부동산원 청약홈에 따르면 이날 진행한 잠실 래미안 아이파크 282가구 특별공급 모집에 3만9천478명이 신청하며 평균 경쟁률 140대 1을 기록했다. 잠실 래미안 아이파크의 흥행은 예고된 일이라는 것이 분양업계 평가다. [삼성물산·HDC현대산업개발 제공. 재판매 및 DB 금지  (서울=연합뉴스) 권혜진 기자 = 서울 송파구 신천동에 공급되는 '잠실 래미안 아이파크' 특별공급에 4만명 가까이 몰렸다. 21일 한국부동산원 청약홈에 따르면 이날 진행한 잠실 래미안 아이파크 282가구 특별공급 모집에 3만9천478명이 신청하며 평균 경쟁률 140대 1을 기록했다. 생애 최초에 가장 많은 1만9천312명이 신청했으며, 신혼부부와 다자녀가구에는 각각 1만3천114명, 6천229명이 접수했다. 노부모 부양은 220명이 신청했다. 잠실 래미안 아이파크의 흥행은 예고된 일이라는 것이 분양업계 평가다. 20년 만에 잠실에 공급되는 대단지 신축 아파트인 데다, 분양가가 3.3㎡당 5천409만원으로 송파구 역대 최고가이지만 인근 아파트 시세보다는 낮은 편이어서 당첨 시 수억원의 시세 차익이 기대된다는 점에서다. 이 단지는 지하 4층∼지상 최고 35층 23개동, 총 2천678가구 규모로 이 중 전용면적 43∼104㎡, 589가구가 일반 분양 물량이다. 22일에는 1순위 해당지역(서울 2년 이상 거주자) 청약이 진행된다. lucid@yna.co.kr 제보는 카카오톡 okjebo<저작권자(c) 연합뉴스,무단 전재-재배포, AI 학습 및 활용 금지>2024/10/21 20:49 송고",서울,서울
"부동산 양극화 해소하려면…""지역 특화 인프라 조성하고, 세제 혜택 고...",https://www.hankyung.com/article/202410206652i,1일 전,"부동산 시장에서 수도권과 지방은 물론 같은 서울에서도 가격이나 선호도 쏠림 현상이 삼각하다는 게 전문가들의 진단이다. 건설사 간, 아파트 브랜드 간, 부동산 상품간 양극화 현상도 만연하고 있다. 이 같은 문제를 해소하기 위해서는 지역 특화 인프라를 조성해 인구 유입을 늘리고, 지방 악성 미분양 주택에 대한 취득세·양도세 감면 등을 고려해야 한다고 전문가들은 지적한다.서진형 광운대 부동산법무학과 교수(한국부동산경영학회장)는 “수도권과 지방의 양극화를 해소하기 위해서는 침체된 지역에 사람을 모을 수 있는 방안을 찾아야 한다”며 “개발 소외 지역에서 민간이 개발사업을 진행할 경우 세제 혜택을 주는 방법이 현실적 해결책 중 하나”라고 말했다.서 교수는 주택 공급의 90%가량을 차지하는 민간 부문의 공급을 확대하기 위해 규제를 풀어야 한다고 강조했다. 그는 “지방 일부 지역은 악성 미분양 물량이 여전히 쌓이고 있다”며 “다주택자 규제도 풀고, 2∼3년 넘은 악성 미분양은 취득세나 양도세 감면 같은 ‘당근책’을 제시해 분양을 유도할 필요가 있다”고 말했다.저출생 문제 등을 극복하기 위해 해외 인력 유치에도 나서야 한다고 지적했다. 서 교수는 “양극화가 지속되면 사회문제가 될 수 있다”며 “정치권에서도 ‘뜨거운 감자’라서 누구도 나서 얘기를 안 하고 있지만, 이민 정책을 완화해 해외 인력을 유치하는 전략도 펴야 한다”고 했다.김인만 김인만부동산경제연구소장은 “서울 내 개발 격차도 풀어야 할 숙제”라며 “수도권과 지방의 격차가 결국 일자리에서 나온 것을 감안하면 서울 안에서도 인프라가 부족한 지역에 양질의 일자리를 늘리는 방안을 모색해야 한다”고 말했다.이은형 대한건설정책연구원 연구위원은 “부동산 양극화는 결국 균형 발전과 연결되는 문제”라며 “개발이 잘 돼 있는 곳 중심으로 인구가 늘어날 수밖에 없다”고 진단했다. 그는 “모든 지역의 균등 발전은 물리적으로 불가능하기 때문에 선별적인 맞춤형 개발이 필요할 것”이라며 “교통망 확충 등을 통해 인프라가 잘 갖춰진 지역으로 접근성을 높여주는 것도 도움이 될 것”이라고 말했다.안정락 기자 jran@hankyung.com한명현 기자 wise@hankyung.com",서울특,서울 외
'정부 선 넘었다’...샤넬보다 치열한 '대출 오픈런' 또 [부동산 아토즈...,http://www.fnnews.com/news/202410181718433499,2일 전,"서울의 한 시중은행에 금융당국의 정책대출 상품인 디딤돌·버팀목 대출 관련 현수막이 걸려 있다. 사진=뉴스1[파이낸셜뉴스] 정부가 정책상품인 디딤돌 대출에 대해 한도축소 등 규제에 나선다고 하자 시장은 발칵 뒤집혔다. 부동산 커뮤니티에는 '이건 선을 넘었다' '서민들의 내집마련을 끊는 정책이다' 등 비난 여론이 쏟아졌다. 정부가 부랴부랴 ‘잠정 유예’ 한다고 밝혔지만 여진은 계속 이어지고 있다.앞서 박상우 국토교통부 장관은 “정책대출 대상을 줄이거나 정책 모기지 목표를 건드리는 일은 가급적 하지 않으려고 한다”고 밝힌 바 있다.시장에서는 정부의 현 기조를 고려해 볼 때 대출규제 강도를 계속 높여나갈 것으로 보고 있다. 디딤돌 대출 규제는 시간문제라는 분석이다.전세대출에 총부채원리금상환비율(DSR) 적용 역시 기정 사실로 받아들이고 있다.정부 선 넘었다...비판에 '잠정 유예'자료 : 홈페이지 캡처지난 2021년 하반기 신조어 가운데 하나가 ‘대출 오픈런’이다. 주택담보 대출이 꽉 막히자 수요자들이 대출을 받기 위해 이곳저곳을 돌아다녔다. ‘대출 난민’ ‘대출 오픈런’ 등의 기사가 연일 쏟아졌다.당시 문재인 정부의 가계대출총량관리 지침에 따라 시중은행들이 하나 둘 대출 문을 걸어 잠궜다. 담보대출은 물론 전세대출도 중단된 것이다. 시장은 대혼란에 빠졌고, 돈을 빌려주는 곳마다 사람들이 몰리면서 초유의 대출대란이 발생했다.현 정부 역시 올해 들어 슬슬 대출 문턱을 높여왔다. 지난해 9월 정책대출인 특례보금자리 대출 일반형과 50년 만기 주택담보대출 상품 판매을 중단했다. 올해는 9월에 2단계 스트레스 DSR(총부채원리금상환비율)을 도입했다.이어 디딤돌 대출을 규제한다는 소식이 전해졌다. 서민대출 간판 상품에 대해 규제하는 것에 대해 ‘이건 선을 넘었다’는 지적도 나왔다. 디딤돌 대출 규제는 일단 잠정 유예 됐다.한 전문가는 “대출규제를 악으로 여겨온 현 정부가 결국 수요억제 카드를 본격적으로 활용하기 시작했다”며 “내년에 추가 금리 인하가 예정된 만큼 디딤돌 대출 규제는 시간 문제이다”고 말했다.대출규제 2개월...아파트값 변동률 보니주 : 9월~10월 14일 자료 : 한국부동산원그렇다면 대출규제가 본격화된 지난 9월부터 시장은 어떤 변화를 겪고 있을까. 우려했던 대로 대출규제 여파가 비 강남권 및 지방에 영향을 미치고 있다.한국부동산원 주간 아파트값 통계를 보면 지난 9월부터 10월 14일까지 서울 아파트 매매가는 1.04% 올랐다. 경기는 0.54%, 인천은 0.45% 상승했다. 지방은 0.13% 집값이 하락했다.서울에서도 편차가 컸다. 강남 4구가 몰려 있는 동남권은 아파트값이 1.48% 상승했다. 특히 대출규제 이후 서초구가 1.91%로 가장 집값이 많이 올랐다. 그 뒤를 강남(1.70%), 성동(1.585), 용산(1.51%), 마포(1.51%) 등의 순이다. 이 기간 집값이 전국에서 가장 많이 오른 상위 10위권 가운데 경북 상주를 제외하고 서울 등 수도권 노른자 지역이 차지했다.주 : 9월~10월 14일 자료 : 한국부동산원고준석 연세대 상남경영원 교수는 “대출규제 이후 수요자들이 두 계층으로 나눠지고 있다”며 “자금여력이 부족한 수요자들의 경우 시장 진입이 어려운 상황이다”고 말했다.윤지해 부동산R114 수석연구원은 “외곽지역의 경우 가격 부담 문제가 아니라 대출이 안 나오고 줄어드니까 아예 못 사는 상황이 나타나고 있다”고 말했다.대출규제가 결국 집값 반등으로 이어질 수 있다는 지적도 나온다.윤 연구원은 “내년은 아마 풍선효과의 해로 보고 있다”며 “대출을 누르면 결국 전월세 시장이 불안하고, 결국에는 전월세 가격 불안이 매매 수요를 자극시킬 것으로 보인다”고 말했다.정부의 대출규제 강도에 따라 풍선효과들이 본격적으로 나올 수 있다는 지적이다.고 교수는 “문재인 정부 때 경험한 것처럼 억누르면 항상 부작용이 생기게 된다”며 “대출규제에 시장이 적응한 뒤 연말이나 내년 초께 반등할 수도 있다”고 말했다.ljb@fnnews.com 이종배 기자※  저작권자 ⓒ 파이낸셜뉴스, 무단전재-재배포 금지",서울,서울
"中증시, 부동산대책 발표에도 하락…상하이 1%↓(종합)",https://www.yna.co.kr/view/AKR20241017118451009?input=1195m,4일 전,"송고시간2024-10-17 17:56 중국 증시가 17일 중국 당국의 부동산 대책 발표에도 불구하고 하락했다. 블룸버그 통신에 따르면 상하이종합지수는 이날 오전 부동산 대책 기자회견 이후 등락을 거듭하다 33.56포인트(1.05%) 내린 3169.38에 마감했다. 상하이·선전증시 시가총액 상위 300개 종목으로 구성된 CSI 300 지수 역시 1.13% 내림세로 종료됐다. [로이터 연합뉴스]  (서울=연합뉴스) 이봉석 기자 = 중국 증시가 17일 중국 당국의 부동산 대책 발표에도 불구하고 하락했다. 블룸버그 통신에 따르면 상하이종합지수는 이날 오전 부동산 대책 기자회견 이후 등락을 거듭하다 33.56포인트(1.05%) 내린 3169.38에 마감했다. 선전종합지수도 10.27포인트(0.56%) 하락한 1831.89로 장을 마쳤다. 상하이·선전증시 시가총액 상위 300개 종목으로 구성된 CSI 300 지수 역시 1.13% 내림세로 종료됐다. 홍콩 항셍지수는 1.20% 하락한 채 마감했다. 특히 중국 본토와 홍콩의 부동산지수는 각각 7.9%와 6.7% 떨어졌다고 로이터 통신이 보도했다. 자금난에 빠진 부동산업체를 지원하는 '화이트리스트' 대출금에 대해 올해 안에 한화 340조원을 추가로 투입하는 것을 골자로 한 이날 부동산 대책에 대한 투자자들의 실망감 때문이라고 로이터는 짚었다. 로이터는 니훙 중국 주택도시농촌건설부장(장관)의 이날 기자회견에 대해 시장을 흥분시킬만한 새로운 조치는 없었다고 평가했다. 또 이날 노후주택 100만호를 추가 개조하겠다는 대책도 나왔는데, 기자회견 종료 후 취재진이 여기에 필요한 자금 규모에 대해 물었지만 니 부장은 ""추정치가 있다""고 말했을 뿐 수치를 공개하지 않았다고 홍콩 사우스차이나모닝포스트(SCMP)는 전했다. 중국 자산관리사 상하이소수파투자관리 애널리스트들은 로이터에 ""100만호 추가 개조 계획 자체도 기대에 못 미치고, 중국이 2015년 발표한 판자촌 1천800만호 개조 계획과 비교해도 한참 떨어진다""고 지적했다. anfour@yna.co.kr 제보는 카카오톡 okjebo<저작권자(c) 연합뉴스,무단 전재-재배포, AI 학습 및 활용 금지>2024/10/17 17:56 송고",중국,서울 외
"""부동산 대출 확 풀겠다""…다급한 상황에 '초강수' 던진 中",https://www.hankyung.com/article/2024101721851,A10면 1단,"중국 동부 장쑤성 화이안에서 17일 대규모 주거 단지가 건설되고 있다. 중국 정부는 이날 자금난을 겪는 부동산 프로젝트에 유동성을 공급해 시장 활성화를 지원하기로 했다.  AFP연합뉴스중국 정부가 침체한 부동산시장을 살리기 위해 자금난에 빠진 부동산 업체에 연말까지 1조7700억위안(약 340조원)을 긴급 투입하기로 했다.니훙 중국 주택도시농촌건설부 장관은 17일 ‘부동산시장의 건강한 발전 촉진’ 관련 기자회견을 열고 이 같은 정책을 발표했다. 중국 정부는 부동산 부문 화이트리스트(당국의 우선 지원 대상)를 확대하고 은행 대출을 연말까지 4조위안 규모로 늘릴 방침이다. 지금까지 이미 승인 완료된 부동산 부문 화이트리스트 대출 규모는 2조2300억위안이다.아울러 저소득층의 주택 구입을 위해 보증금을 확대하고, 주요 도시 낙후지역에서 100만 가구의 주택 개조 작업을 시작하기로 했다.중국은 지난달 말부터 경제 성장 회복을 위해 대규모 경기부양책을 내놓고 있다. 부동산 위기는 중국 경제의 발목을 잡는 가장 큰 장애 요인이다.다급한 中…대출 풀고 노후주택 사들인다中, 340조원 긴급투입 '파격'…연내 대출규모 767조원으로 확대중국 정부가 수년째 내리막길을 걷고 있는 부동산 시장을 활성화하는 데 팔을 걷어붙였다. 부동산 시장을 살리지 않고서는 어떤 부양책을 내놔도 고꾸라지는 경제성장률을 끌어올릴 수 없다는 판단에서다.○돈 풀고 리노베이션까지니훙 중국 주택도시농촌건설부장(장관)은 17일 국무원 신문판공실에서 기자회견을 열고 부동산 부문 화이트리스트 대출 규모를 연말까지 4조위안으로 확대한다고 밝혔다. 부동산 개발 업체의 합리적인 자금 조달을 지원해 냉각된 부동산 시장에 온기를 불어넣겠다는 게 이번 조치의 취지다.화이트리스트는 중국 정부가 경영에 어려움을 겪는 우량 국유·민간 부동산 기업에 유동성을 지원하기 위해 고안된 제도다. 건설 프로젝트를 시공 중이고 적합한 담보물이 있는 부동산 업체를 대상으로 한다. 사업성은 있지만 자금난으로 프로젝트를 운영하기 어려운 부동산 회사에 긴급하게 유동성을 투입해 부동산 시장의 구조적 리스크를 해소하겠다는 전략이다.아울러 중국 정부는 대규모 주택 개조 사업을 동시에 추진하기로 했다. 도시 내 낙후지역에 있는 노후 주택을 개조해 저렴하게 공급하겠다는 것이다. 중국 전역 대도시에서만 개조가 필요한 주택은 170만 가구로 추산된다. 조건에 부합하는 낡고 위험한 주택 100만 가구부터 개조 사업을 시작해 주택 소비자의 매수 심리를 확대하는 효과를 노렸다. 주택담보대출 금리를 인하하고 2주택 대출 최소 계약금 비율을 25%에서 15%로 낮추는 등 기존에 발표한 부동산 관련 금융 조치 역시 지속적으로 이행하기로 했다.이날 타오링 중국 인민은행 부행장은 “금리 인하 등 포괄적인 금융 정책을 이미 발표했는데, 이번에 나온 부동산 활성화 대책과 맞물려 소비자의 신뢰 제고와 시장 안정화에 긍정적 영향을 미칠 것”이라고 말했다.○시장은 실망…부동산 업종 주가 하락3분기 국내총생산(GDP) 발표(18일)를 하루 앞두고 긴급하게 부동산 대책을 내놓은 건 그만큼 중국의 부동산 시장 침체가 심각하다는 의미다. 중국 부동산 시장은 2021년 대형 부동산 개발 업체 헝다가 채무불이행에 빠진 뒤 급격하게 얼어붙었다. 부동산 개발 업체가 줄지어 파산하고 전국 부동산 프로젝트가 대거 중단됐다. 중국의 부동산 부문 투자는 올 들어 8개월간 전년 동기 대비 10.2% 감소했다. 같은 기간 주택 매매는 23.6% 줄었다.이런 부동산 시장 침체는 가계 소비에까지 타격을 줬다. 중국 가계 자산의 65%가 부동산이기 때문이다. 부동산 시장과 연관된 건설, 시멘트, 철강 산업도 줄줄이 위축됐다. 부동산 시장에서 촉발된 침체는 중국 경제 전반의 활력을 꺼뜨렸다.이 때문에 중국 정부가 제시한 올해 경제성장률 5% 안팎을 달성하는 것도 위태로워졌다. 중국은 지난해 5.2%, 지난 1분기엔 5.3% 성장했다. 하지만 내수와 투자, 외국인직접투자(FDI)까지 쪼그라들면서 2분기 성장률은 4.7%로 꺾였다. 블룸버그통신과 중국 경제 매체 차이신 등은 3분기 GDP가 전년 동기 대비 4.4% 증가하는 데 그쳤을 것이라고 관측한다.그러나 이번 부동산 대책을 두고 전문가와 시장 참여자는 “아쉽다”는 반응을 보인다.블룸버그는 “투자자들은 더 강력한 정책을 원하면서 발표 직후 부동산 업종 주가가 일제히 하락했다”며 “미분양 주택 매수를 위한 특별채권 규모 등에 정부의 반응이 추가로 요구된다”고 평가했다.김은정 기자 kej@hankyung.com",중국,서울 외
"“입지 끝판왕 맞네”…5억 로또 잠실 신축, 특공에만 4만명 우르르",https://www.mk.co.kr/article/11146652,2시간 전,"서울 송파구 신천동 진주아파트를 재건축한 ‘잠실 래미안 아이파크’ 특별공급에 4만명 가까이 몰렸다. 22일 한국부동산원 청약홈에 따르면 전날 진행한 잠실 래미안 아이파크 282가구 특별공급 모집에 3만 9478명이 신청하며 평균 경쟁률 140대 1을 기록했다. 생애 최초에 가장 많은 1만 9312명이 신청했다. 신혼부부와 다자녀가구에는 각각 1만 3114명, 6229명이 접수했다. 노부모 부양은 220명이 신청했다. 잠실 래미안 아이파크는 20년 만에 잠실에 공급되는 대단지 신축 아파트다. 분양가가 3.3㎡(평)당 5409만원으로 송파구 역대 최고가다. 다만 인근 아파트 시세보다는 낮은 편이어서 당첨시 5억원 이상, 최대 10억원의 시세 차익이 기대된다는 평가가 나온다. 전매제한 3년, 실거주의무기간 2년으로 당첨 직후 분양권을 팔아 차익을 남기는 식의 투자는 어렵다. 지하철 8호선 몽촌토성역과 맞닿아있고 잠실역(2·8호선), 잠실나루역(2호선), 한성백재역(9호선) 모두 도보 10분 거리 내 있어 교통도 편리하다. 이날 잠실 래미안 아이파크는 1순위 해당지역(서울 2년 이상 거주자) 청약을 진행한다. 당첨자 발표는 오는 30일, 계약은 다음달 12~15일이다.",송파구,서울
"“입지 끝판왕 맞네”…5억 로또 잠실 신축, 특공에만 4만명 우르르",https://www.mk.co.kr/article/11146652,2시간 전,"서울 송파구 신천동 진주아파트를 재건축한 ‘잠실 래미안 아이파크’ 특별공급에 4만명 가까이 몰렸다. 22일 한국부동산원 청약홈에 따르면 전날 진행한 잠실 래미안 아이파크 282가구 특별공급 모집에 3만 9478명이 신청하며 평균 경쟁률 140대 1을 기록했다. 생애 최초에 가장 많은 1만 9312명이 신청했다. 신혼부부와 다자녀가구에는 각각 1만 3114명, 6229명이 접수했다. 노부모 부양은 220명이 신청했다. 잠실 래미안 아이파크는 20년 만에 잠실에 공급되는 대단지 신축 아파트다. 분양가가 3.3㎡(평)당 5409만원으로 송파구 역대 최고가다. 다만 인근 아파트 시세보다는 낮은 편이어서 당첨시 5억원 이상, 최대 10억원의 시세 차익이 기대된다는 평가가 나온다. 전매제한 3년, 실거주의무기간 2년으로 당첨 직후 분양권을 팔아 차익을 남기는 식의 투자는 어렵다. 지하철 8호선 몽촌토성역과 맞닿아있고 잠실역(2·8호선), 잠실나루역(2호선), 한성백재역(9호선) 모두 도보 10분 거리 내 있어 교통도 편리하다. 이날 잠실 래미안 아이파크는 1순위 해당지역(서울 2년 이상 거주자) 청약을 진행한다. 당첨자 발표는 오는 30일, 계약은 다음달 12~15일이다.",송파구,서울
"김민재 25억 고급주택, 이웃집 보니 깜짝…누가 살길래? [집코노미-핫!부...",https://www.hankyung.com/article/2024101956777,2일 전,"대한민국 축구 국가대표 김민재(좌). 경기 구리시 아천동 워커힐포도빌. /사진=연합뉴스, 네이버지도 거리뷰 캡처대한민국 축구 국가대표 선수인 '괴물 수비수' 김민재가 배우 현빈·손예진 부부, 오연서 등과 이웃이 됐다. 경기도 구리시 아치울마을 한 고급주택 전세 계약을 체결하면서다.19일 부동산업계 등에 따르면 지난 6월 경기 구리시 아천동 아치울마을 소재 '워커힐포도빌 전용면적 192.3730㎡(1층)'는 25억원에 전세 계약이 체결됐다.전세권자는 김민재로, 계약 기간은 오는 2026년 6월까지다. 현재 전세권 설정은 완료된 상태다.지난 2019년 준공된 워커힐포도빌은 전원형 고급 빌라다. 4층으로, 펜트하우스 1가구를 포함해 총 7가구 규모다. 배우 현빈·손예진 부부, 오연서 등이 소유하는 것으로 알려졌다.커뮤니티로 부대 장비 및 청소 서비스가 제공되는 글램핑장과 야외 바베큐시설, 카페테리아, 라운지 등이 마련됐고 맥주, 와인, 음료가 무료로 제공된다. 전 가구에 유럽 명품가구 및 가전이 적용됐다.구리 아치울마을은 프라이빗하게 전원생활을 즐길 수 있으면서도, 서울 강남까지 자차로 15분 거리에 있어 신흥 부촌으로 자리매김하고 있다. 한강, 아차산, 용마산 등에 둘러싸여 있는 배산임수 지형을 갖췄고 서울 도심 주택 대비 사생활 보호에 유리해 연예계 인사, 기업인 다수가 아치울마을 소재 주택을 소유하고 있는 것으로 알려졌다.독일 분데스리가 FC바이에른 뮌헨에서 뛰는 김민재는 연봉으로 약 250억원을 받는 것으로 전해진다. 한국 축구 선수 중 최고 연봉인 것으로 추정된다.신현보 한경닷컴 기자 greaterfool@hankyung.com",구리시,서울 외
'아기 돌 반지까지 팔았는데'...영끌 장만 새 아파트 드론택시 못 탄다...,http://www.fnnews.com/news/202410180817367434,3일 전,"[파이낸셜뉴스]'부동산 산책’은 전문가들이 부동산 이슈와 투자정보를 엄선해 독자들에게 전달할 예정입니다. <편집자주>UAM 및 버티포트 구상도. 사진=연합뉴스최근 제주에서 열린 민생토론회에서 윤석열 대통령이 '도심항공교통(UAM)'을 제주 관광 인프라의 한 축으로 만들겠다고 밝혔습니다. 이를 위해 제주를 UAM 시범운용구역으로 지정할 예정이라고 합니다.이런 추세라면 국내 최초로 UAM이 제주에서 상용화될 것이 거의 확실해 지고 있는데요. 이를 계기로 빠른 속도로 UAM이 관광산업에 투입되면서 지방소멸 방지에도 도움을 줄 것으로 기대되고 있습니다.드론택시 상용화...자가용 UAM 시대 온다그렇다면 UAM이 관광산업에만 주로 사용될까요. 이미 두바이·싱가포르는 내년부터 UAM을 택시로 활용키로 하고 마지막 점검을 하고 있습니다. 오사카도 내년 엑스포에서 공항부터 전시장까지 시범운용을 한다고 합니다.우리도 UAM이 미래 일자리 창출이 될 산업으로 성장될 가능성이 높습니다. 서울을 비롯해 대도시에 늦어도 5년안에 UAM 응급의료 서비스나 화재·재난 등의 시스템이 갖춰질 전망입니다.지방의 경우도 산악지역부터 도서지역까지 빠르게 도입되면서 일상 교통망으로 정착될 것으로 보입니다. 대도시에서는 일명 드론택시라고 불리는 대중교통 서비스는 물론이고, 10년 뒤면 개인들이 자가용 UAM을 사서, 직접 활용하는 시대도 올 예정입니다.현대자동차그룹의 AAM(미래항공모빌리티) 독립 법인인 슈퍼널이 공개한 드론택시. 사진=뉴스1새 아파트서 드론택시 이용...현행 건축법 보니그런데 신축 아파트에서 UAM을 활용할 수 없다면 어떨까요.현행 건축법 제49조에는 ‘건축물의 피난시설 및 용도제한’ 규정이 있습니다. 시행령 제 40조 ‘옥상광장 등의 설치’ 기준에서는 11층 이상 건축물이면서 바닥면적 합계가 1만㎡ 이상으로 평지붕으로 하는 경우에 헬리포트나 헬리콥터를 통해 인명 등을 구조할 수 있는 공간을 만들도록 규정하고 있습니다.문제는 ‘헬리포트 및 구조공간 설치 기준’은 있는데, 정작 헬기보다 훨씬 가볍고 작은 UAM에 대한 설치기준이 없다는 겁니다. 현재 인허가를 받고 공사중인 아파트나 오피스·호텔·상가 특히 병원이나 소방서 등에서는 UAM 이착륙 기능이 없어 활용이 안될 가능성이 높아지고 있습니다.건축물은 설계 후 인허가 받고 준공하려면 최소 5년 이상 소요가 됩니다. 규정이 없다보니 현재 진행중인 강남권 대단지나 1기신도시 선도지구 아파트에서는 드론택시, 즉 UAM이 옥상에 착륙할 수 없는 형태가 됩니다.그러면 UAM이 활성화 되더라도 응급시에 다른 건물로 이동해서 탑승해야 하는데, 과연 그 아파트 가치는 얼마나 유지될까요.향후 UAM이 상용화되면 건물 상층부에 UAM 주차장까지 설치된 빌딩의 가치가 더 많이 오를 겁니다.지금 설계하고 있는 아파트나 빌딩에는 버티포트가 포함되지 않고 있습니다.정부가 모든 건물에 버티포트가 포함되도록, 특히 일정규모 이상 건물에는 아예 UAM 주차장이 포함되도록 건축법을 빠른 시일 내에 개정해야 합니다./최원철 한양대학교 부동산융합대학원 교수※이 글은 필자의 주관적인 견해이며, 본지의 편집 방향과 다를 수 있습니다.ljb@fnnews.com 이종배 기자#부동산산책#최원철교수#드론택시#UAM※  저작권자 ⓒ 파이낸셜뉴스, 무단전재-재배포 금지",제주,서울 외
"""세상에 이런 아파트가 어디 있나""…둔촌주공, 또 '발칵'",https://www.hankyung.com/article/2024102186826,22시간 전,"서울 강동구 올림픽파크포레온 전경. 사진=연합뉴스단군 이래 최대 재건축으로 불리는 서울 강동구 둔촌동 '올림픽파크포레온(옛 둔촌주공)'이 입주를 한 달여 앞두고 공사비 갈등에 또 멈춰섰다.21일 부동산 업계에 따르면 이 단지 주변 도로와 조경 등을 담당하는 시공사들이 지난 19일부터 공사를 멈췄다. 단지 주변 풍성로 확장공사와 동남로, 둔촌초 옆 양재대로를 포장하는 동남공영과 기부채납 부지인 강동중앙도서관을 지은 중앙건설, 아파트 주변 조경을 꾸미는 장원 조경 등이다.이들은 조합에 약 170억원의 추가 공사비를 요구했지만, 조합이 이를 거부하면서 대의원 회의에서 공사비 인상안이 부결된 것으로 전해졌다. 이 단지 입주 예정일은 내달 27일로 공사비 갈등이 해결되지 않으면 입주 일정에도 차질이 빚어질 수 있다.앞서 2022년 올림픽파크포레온은 이미 공사가 한 번 중단되기도 했다. 러시아-우크라이나 전쟁으로 원자재 가격이 급등하고 조합의 설계 변경 요구까지 맞물리면서 건설사가 비용 증액을 요구했지만, 조합이 공사비 증액을 받아들이지 않으면서다.이 단지에 입주를 앞둔 한 예정자는 ""입주는 조용히 하는가 싶더니 정말 다사다난한 아파트 단지가 따로 없다""고 했고, 또 다른 입주 예정자도 ""입주가 정말 한 달밖에 안 남았는데 이러다 집에 못 들어가는 것 아니냐""라고 우려하기도 했다.한편 올림픽파크포레온 주관사인 현대건설 관계자는 이번 공사비 갈등 문제는 해당 시공사와 조합 간의 문제라면서도 ""원만한 합의가 됐으면 한다""고 전했다. 그러면서 입주자 사전점검 이후 마무리 공사를 진행 중이고 입주에 문제가 없도록 공사를 진행 중이라고 덧붙였다.이송렬 한경닷컴 기자 yisr0203@hankyung.com",강동구,서울
"8월 전국 부동산 거래 전월대비 10%대 감소…""대출규제 여파""",https://www.yna.co.kr/view/AKR20241015035400003?input=1195m,7일 전,"송고시간2024-10-15 09:20 지난 7월 거래량이 10만건을 넘어서며 연내 최고치를 찍었던 전국 부동산 매매시장이 8월 들어 거래량과 거래금액 모두 전월 대비 10%대 하락률을 기록했다. 상업용 부동산 전문기업 부동산플래닛이 15일 내놓은 '8월 전국 부동산 유형별 매매시장 동향 보고서'에 따르면 지난 8월 전국에서 이뤄진 부동산 거래는 총 9만317건으로 7월과 비교해 10.6% 줄어들었다. [연합뉴스 자료사진]  (서울=연합뉴스) 김희선 기자 = 지난 7월 거래량이 10만건을 넘어서며 연내 최고치를 찍었던 전국 부동산 매매시장이 8월 들어 거래량과 거래금액 모두 전월 대비 10%대 하락률을 기록했다. 특히 거래량은 올해 2월과 1월에 이어 세 번째로 적은 수치였다. 상업용 부동산 전문기업 부동산플래닛이 15일 내놓은 '8월 전국 부동산 유형별 매매시장 동향 보고서'에 따르면 지난 8월 전국에서 이뤄진 부동산 거래는 총 9만317건으로 7월과 비교해 10.6% 줄어들었다. 월간 기준으로 보면 지난 2월(7만8천215건)과 1월(8만1594건)에 이어 올해 세 번째로 낮은 수준이다. 8월 한 달간 거래금액은 36조3천463억원으로 직전 달보다 17.3% 감소했다. 다만 작년 같은 달(8만7천674건, 29조845억원)과 비교하면 거래량과 거래금액이 각각 3%, 25% 증가한 것으로 집계됐다. [부동산플래닛 제공. 재판매 및 DB 금지]  유형별로 보면 연립·다세대 주택(빌라) 거래량이 전월 대비 0.2% 증가한 것을 제외하고는 모든 유형의 거래가 감소했다. 공장·창고 등(일반)의 거래가 22.4% 줄며 하락 폭이 가장 컸고, 공장·창고 등(집합) 17.2%, 상가·사무실 12.4%, 오피스텔 12.3%, 아파트 11.5%, 토지 11.4%, 상업·업무용빌딩 9%, 단독·다가구 6.2% 각각 감소했다. 거래금액 기준으로는 상가·사무실이 7월보다 25.2% 증가했으나, 공장·창고 등(집합)이 70.7% 줄어드는 등 나머지 유형은 모두 감소했다. 아파트만 따로 떼어놓고 보면 전국 거래량은 총 4만2천374건, 거래금액은 21조4천360억원으로 전월 대비 각각 11.5%, 20.2% 줄었다. 특히 수도권의 감소 폭이 컸다. 서울의 거래량과 거래금액은 총 5천982건, 10조6천639억원으로 전월 대비 각각 30.9%, 32.9% 줄며 감소율 1위를 기록했다. 경기(14.8%↓, 1만2746건), 인천(7%↓, 2천888건), 경남(6.6%↓, 2천511건), 부산(6.6%↓, 2천469건) 등이 뒤를 이었다. 광주와 경남 지역의 아파트 거래량과 거래금액은 전월은 물론 작년 동월에 비해서도 감소한 것으로 확인됐다. [부동산플래닛 제공. 재판매 및 DB 금지]  부동산플래닛은 7월 이후 시중은행의 대출금리 상승, 전세자금 대출에 대한 규제 강화 등 각종 대출규제와 비주택담보대출 연체율 증가로 인한 상업용 부동산 대출 시장 위축 등이 부동산 거래 감소에 영향을 끼친 것으로 분석했다. 부동산플래닛 정수민 대표는 ""아파트를 포함해 전반적으로 상승 흐름을 보였던 7월 전국 부동산 시장과 달리 8월은 감소세가 뚜렷했다""며 ""올해 전국 부동산 거래는 증감을 반복하며 우상향 그래프를 그리고 있는 모습이지만, 대출 규제에 유의미한 변화가 없는 한 당분간 부동산 시장의 어려움이 지속될 가능성이 있다""고 말했다. hisunny@yna.co.kr 제보는 카카오톡 okjebo<저작권자(c) 연합뉴스,무단 전재-재배포, AI 학습 및 활용 금지>2024/10/15 09:20 송고",서울,서울
3분기 서울 주요 업무권역 평균 공실률·임대료 동반 상승,https://www.yna.co.kr/view/AKR20241022072500003?input=1195m,1시간 전,"송고시간2024-10-22 11:25 지난 3분기 서울 주요 업무권역의 A급 오피스 빌딩 평균 공실률과 임대료가 나란히 상승한 것으로 나타났다. 22일 글로벌 상업용 부동산 컨설팅 기업인 쿠시먼앤드웨이크필드 코리아가 발간한 3분기 오피스 시장 보고서에 따르면 평균 공실률은 전 분기 대비 0.2%포인트 오른 3.1%로 집계됐다. [연합뉴스 자료사진]  (서울=연합뉴스) 권혜진 기자 = 지난 3분기 서울 주요 업무권역의 A급 오피스 빌딩 평균 공실률과 임대료가 나란히 상승한 것으로 나타났다. 22일 글로벌 상업용 부동산 컨설팅 기업인 쿠시먼앤드웨이크필드 코리아가 발간한 3분기 오피스 시장 보고서에 따르면 평균 공실률은 전 분기 대비 0.2%포인트 오른 3.1%로 집계됐다. 임대료는 전 분기 대비 0.9% 상승했다. 권역별로 보면 서울 강남업무지구(GBD)의 공실률이 3.0%로 전 분기 대비 0.6%포인트 올랐다. 이에 따라 지난 3년간 0∼2%대에서 오르내리던 GBD 공실률은 처음으로 3%대로 올라섰다. GBD의 높은 임대료 상승이 원인으로 지목된다. 임대료 부담으로 기업들이 면적을 줄이거나 다른 지역으로 옮겨갔기 때문이다. 지난 3분기 GBD의 임대료 상승률은 1.6%를 기록했다. 보고서는 ""국내 대기업 중 일부도 임차 계약 재검토에 나서면서 향후 공실률에 추가적인 영향을 미칠 수 있다""고 밝혔다. 여의도업무지구(YBD) 권역 공실률도 전 분기보다 0.2%포인트 상승한 3.4%를 나타냈다. 현재 리모델링 중인 원센티널(신한금융투자타워) 일부 층이 계약됐으나, 잔여층 계약 여부에 따라 향후 YBD 공실률에 영향을 미칠 가능성이 있다고 보고서는 밝혔다. 다만 종로구와 중구가 포함된 도심업무지구(CBD) 공실률은 3.1%로, 주요 업무 지구 중 유일하게 공실률이 하락했다. 3분기에 대형 면적 계약이 다수 체결된 영향이다. 코리안리가 본사 재건축에 따른 임시 거처로 시그니처타워를 선택하고 계약을 완료했으며, 법무법인 세종과 신한라이프는 각각 디타워 광화문과 그레이츠 숭례에서 증평 계약을 체결했다. 지난 분기 준공된 메리츠강북타워에는 코멘토가 입주한다. 그랜드센트럴도 일부 임차사 증평으로 건물 내 잔여 공실이 해소됐다. lucid@yna.co.kr 제보는 카카오톡 okjebo<저작권자(c) 연합뉴스,무단 전재-재배포, AI 학습 및 활용 금지>2024/10/22 11:25 송고",서울특,서울 외
"""분당에서 서울로 갈아타자"" 강남권으로 대이동",http://www.fnnews.com/news/202410211047001955,1일 전,"남양주, 고양 덕양구, 하남, 화성 등 뒤이어지난 2022년 경기 성남시 분당구 아파트 단지 모습. 사진=뉴스1[파이낸셜뉴스] 경기·인천 거주자 중 올해 서울 집합건물(아파트·오피스텔·다세대주택)을 매수한 사람들의 거주지는 '성남시 분당구'가 가장 많은 것으로 조사됐다.21일 부동산 플랫폼 직방에 따르면 대법원 등기정보광장의 자료를 살펴본 결과 올해 총 1만9343명의 경기·인천 거주자들이 서울 소재 집합건물을 매수한 가운데 이 중 1220명이 성남시 분당구 거주자였다.분당 거주자들의 많이 매수한 구별매수지역으로는 강남권역이 주를 이뤘다. 송파구가 175명으로 가장 많았고 강남구 174명, 서초구 139명, 강동구 105명 순이다. 강남권역에 대한 접근성이 편리하고 생활권을 크게 벗어나지 않는 선에서 상급지 갈아타기 수요가 더해지며 강남권역 매수자 비중이 높았던 것으로 분석된다.다음으로 거주자 비중이 많았던 지역은 남양주시다. 남양주시는 총 1174명이 서울 소재 집합건물을 매수해 6.1%의 비중을 나타냈다. 남양주시 거주자들이 많이 매수한 서울 자치구는 강동구(146명), 성동구(139명), 중랑구(133명), 노원구(80명), 송파구(78명)로 남양주시와 비교적 가까운 지역 위주로 나타났다.특히 강동구는 지난 8월 지하철 8호선 별내역 연장으로 남양주시와 강동구 접근성이 쉬워지며 기존 주소지와 함께 매수지역의 접근성이 좋아진 지역을 매입한 것으로 분석된다.고양시 덕양구는 서울 서북권과 접해 있는 지역으로 매년 서울 소재 집합건물 매수자 비중이 높은 지역에 꼽힌다. 올해 서울 집합건물 매수자 중 고양시 덕양구 거주자는 1062명으로 경기·인천 매수자 전체의 5.5%를 차지했다. 고양시 덕양구 거주자들 역시 기존 생활권과 접근성이 용이할 것으로 예상되는 은평구(182명), 마포구(97명), 서대문구(91명), 강서구(85명) 순으로 집합건물을 매수했다. 기존 매수인 거주지역과 서울 매입지역을 살펴보면 서울 강북 도심권의 접근성을 고려한 지역 위주로 매수한 것으로 유추된다. 매수자 비중이 가장 높은 은평구의 경우 마포나 서대문구보다는 상대적으로 가격 진입장벽이 높지 않아 서울 입성을 노리는 실수요자들의 매수가 많았을 것으로 예상된다.경기 남부권인 하남시(902명), 화성시(877명)도 서울 집합건물 매수자가 많은 편이다. 하남시의 경우 지리적으로 가까운 강동구(283명), 송파구(155명) 소재 집합건물 매수자 비중이 높았다. 화성시는 송파구(90명), 서초구(70명), 강남구(67명) 순으로 매수자가 많았다. 동탄신도시 등 지역 아파트값이 회복세를 보이며 상승한 가운데 강남권역 갈아타기 수요가 발생했을 것으로 예상된다. 또한 삼성전자, 현대자동차연구시설 등 대기업이 자리한 지역으로 기업 종사자들을 바탕으로 고소득층이 다수 포진되어 있을 수 있어 강남권역의 투자 구매도 유추해 볼 수 있다.경기·인천 거주자들의 서울 집합건물 매수 시 지리적으로 인접한 지역 위주로 부동산을 매입하는 것을 알 수 있다는 설명이다. 직장, 학교 등 기존의 생활권을 어느정도 유지하며 거주 지역에서 멀지 않는 지역의 부동산을 매수하는 것으로 보인다.통계청이 발표한 지난 8월 국내인구이동자료에 따르면 서울의 순이동수는 -3,848명으로 전국 17개 시도 중 가장 많은 것으로 나타났다. 지역별 순이동은 해당 지역의 총전입자수에서 총전출자수를 제외한 통계치로 서울의 경우 전입자 대비 전출자가 3848명 더 많다는 것을 의미한다. 이러한 '탈 서울' 행렬가운데 강남구, 서초구, 강동구와 같은 강남권역은 서울 전체와 다르게 순이동이 8월 플러스를 나타내며 강남권에 대한 수요는 꾸준한 것으로 나타났다.최근 강남권역 내 청약 열풍과 지난 2~3분기 서울 집값 상승세를 고려한다면 상급지 갈아타기를 염두에 둔 서울 입성 수요가 꾸준히 이어질 것으로 보인다. 다만 양극화 이슈는 피할 수 없을 전망이다.가격 하방경직성이 견고한 상급지와 신축 대단지 위주로 수요가 몰리는 가운데 그렇지 못한 지역의 집값은 정체될 가능성이 높아지며 지역간의 온도차이는 당분간 계속 보일 것으로 예상된다.ming@fnnews.com 전민경 기자※  저작권자 ⓒ 파이낸셜뉴스, 무단전재-재배포 금지",성남시,서울 외
"中 ""부동산 침체 더이상 안된다""… 연말까지 767조 지원",http://www.fnnews.com/news/202410171834537129,10면 1단,"화이트리스트 선별해 대출우량기업 유동성 공급 주력100만호 주택 재건도 속도니훙 중국 주택도시농촌건설부장(장관)은 17일 국무원에서 내외신 기자회견을 열고 ""연말 이전에 '화이트리스트' 프로젝트에 대한 대출 규모를 4조위안(약 767조원)까지 늘릴 것""이라면서 부동산 안정을 위한 대책을 밝히고 있다. EPA연합뉴스【파이낸셜뉴스 베이징=이석우 특파원】 중국 당국이 부동산기업에 1조7700억위안(약 224조원)의 추가 지원을 포함해 연말까지 4조위안(약 767조원)의 자금을 지원하겠다고 밝혔다. 자금난을 겪는 우량 기업들의 프로젝트에 대해 선별 지원하겠다는 입장으로 부동산가격 부양이라기 보다는 시장의 안정을 위한 조치이다. 부실기업의 파산 유도 등 건설시장의 구조조정은 중단없이 진행해 나가겠다는 입장에는 변함이 없다.니훙 중국 주택도시농촌건설부장(장관)은 17일 국무원에서 내외신 기자회견을 열고 ""연말 이전에 '화이트리스트' 프로젝트에 대한 대출 규모를 4조위안(약 767조원)까지 늘릴 것""이라며 ""조건에 부합하는 모든 부동산 프로젝트를 화이트리스트에 넣어야 한다""고 밝혔다.중국 당국은 지난해 말 자금난에 빠진 우량 부동산기업을 대상으로 화이트리스트 정책을 도입했고 리스트에 포함된 기업에 대해서는 신용대출을 비롯해 채권, 주식 등을 통한 자금 지원을 결정한 바 있다. 또 당국은 시중 은행이 화이트리스트 기업에 적극 대출하도록 독려해왔다.국가금융감독관리총국 샤오위안치 부국장은 회견에 배석해 ""상업은행이 지금까지 부동산 화이트리스트 프로젝트에 2조2300억위안(약 427조8000억원) 대출을 승인했다""라고 설명했다. 1조7700억위안(약 224조원)의 대출을 연말까지 늘리겠다는 것이다.니 부장은 이날 도시내 낙후지역을 의미하는 성중촌과 낡고 위험한 주택 개조 사업 등을 통해 100만호를 새로 짓겠다는 뜻도 밝혔다.그는 ""전국 35개 대도시에만 개조가 필요한 주택이 170만호가 있고 다른 도시에도 개조가 필요한 낡고 위험한 주택이 50만호는 있다""면서 ""우선 조건이 성숙한 100만호에 대해 정책 지원 강도를 높이겠다""라고 말했다. 아울러 올해 9월까지 청년과 농민공 등 도시 이주민을 위한 보장성 주택(취약 계층을 위한 저렴한 주택)을 148만호 공급했으며, 연말까지 입주하는 사람이 450만명이 될 것이라고 했다. 그는 ""중국 부동산은 일련의 정책 역할 아래 3년 동안의 끊임없는 조정을 거쳤고 시장이 이미 바닥을 다지기 시작했다""고 말했다.또 부동산 화이트리스트에 선정되기 위해서는 건설 프로젝트가 '시공 중'인 상태(자금 지원 후 즉시 공사 재개·완공 가능한 상태)여야 하고 담보물이 적합해야 한다는 등의 조건도 밝혔다. 중국 당국은 이를 통해 '부동산 리스크' 기업으로 지목된 비구이위안(컨트리가든)과 룽촹(수낙차이나), 스마오, 뤼디(그린랜드), 쉬후이(CIFI) 등도 최소 수십 건씩의 사업을 화이트리스트에 넣는 데 성공한 바 있다.중국 당국은 부동산시장 침체가 경제 침체의 구조적 위험 요인이 되고 있다는 국내외 지적 속에서도 부동산 거품 등을 우려, 대대적인 부양 정책은 펴지 않고 있다. 이번 조치도 중국 경제 둔화의 핵심 요인으로 지목된 부동산 부문의 침체를 막겠다는 것이지만, 가격 부양 등과는 거리가 있다.지속적으로 가라앉고 있는 부동산시장의 파국을 막기 위한 조처로 보인다.부동산시장 침체속에서 중국은 내수와 투자, 외국인직접투자(FDI) 위축이 이어지면서 5.3%로 출발했던 올해 1·4분기 성장률은 2·4분기 성장률 4.7%로 대폭 꺾였다.지난해 5.2% 성장률을 기록한 중국은 올해 역시 작년과 동일한 '5% 안팎'의 성장률 목표를 설정한 상황이다.june@fnnews.com※  저작권자 ⓒ 파이낸셜뉴스, 무단전재-재배포 금지",중국,서울 외
"中, 3분기 GDP 발표 하루 앞두고 '부동산 대책' 내놨다",https://www.hankyung.com/article/202410170832i,5일 전,"중국 정부가 침체된 부동산 시장을 살리기 위해 화이트리스트(정부가 선정한 우량 부동산) 대출 공급을 연말까지 4조위안으로 늘리고 100만가구 주택을 개조하기로 했다.17일 니훙 중국 주택도시농촌건설부장(장관)과 중국 인민은행, 국가금융감독관리총국 책임자는 ‘부동산 시장의 건강한 발전 촉진’ 관련 기자회견을 열고 이같은 내용을 발표했다.이날 기준 중국의 화이트 리스트 프로젝트 대출 규모는 2조2000억위안이다. 이를 연말까지 두배로 늘려 4조위안으로 키우겠다는 게 중국 정부의 목표다. 이를 통해 부동산 프로젝트 관리를 더 표준화하고 자금 조달 속도를 높이겠다는 방침이다.이번 조치는 지난달 말 중국의 대규모 경기부양책 발표 이후 처음올 나온 새로운 부동산 지원 조치라 시장 안팎의 관심을 끌었다.중국 부동산 시장의 지속적인 어려움은 중국의 성장 회복을 가로막는 가장 큰 장애물 중 하나였다. 중국의 부동산 부문 투자는 올 들어 8개월 간 전년 같은 기간 대비 10.2% 감소했다. 주택 매매는 23.6% 감소했다. 부동산 부문은 건설 등 인접 산업과 함께 중국 연간 국내총생산(GDP)의 약 3분의 1을 차지하고 있다. 총 가계 자산의 65%를 차지하고 있기도 하다.지난달 말 중국의 대규모 경기 부양책 발표 이후 국경절 연휴를 계기로 부동산 시장이 살아나는 조짐이 나타났다. 베이징, 상하이, 선전 등 대도시에선 주택 매수와 매수 희망이 늘었다. 하지만 중국 상업용 부동산 시장은 여전히 고전을 면치 못하고 있다.블룸버그통신에 따르면 대도시 상업용 부동산 시장에서 임대인들은 임차료를 깎고 있고, 일부는 기업을 다시 유치하기 위해 보조금을 지급하고 있다. 상하이의 경우 사무실 공실률이 올 3분기 21.5%까지 치솟았다. 최근 20년 간 가장 높은 수준이다.한편 중국 해관총서는 18일 오전에 올 3분기 GDP 증가율과 9월 산업 생산, 소매 판매 지표를 발표한다. 중국의 3분기 경제 성장률은 지난해 1분기 후 가장 낮은 수준일 것이란 관측이 많다.블룸버그가 이코노미스트들을 대상으로 설문한 조사결과에 따르면 중국의 3분기 GDP 증가율운 연율 4.5%로 분석됐다. 2023년 1분기(4.5%) 후 6개 분기만에 가장 낮은 성장세다. 전문가들의 분석대로라면 중국의 1~3분기 GDP 증가율은 4.9%로, 중국의 올해 '5% 안팎' 경제성장률 목표을 간신히 달성할 전망이다.김은정 기자 kej@hankyung.com",중국,서울 외
"“부동산으로 그렇게 당해놓고 또?”…이 나라, 340조 투입해 띄운다는...",https://www.mk.co.kr/article/11143208,4일 전,"중국 정부가 부동산 시장 활성화를 위해 이른바 ‘화이트리스트’로 선정된 부동산 프로젝트에 연내 340조원 규모의 대출을 지원한다고 17일 발표했다. 니훙 중국 주택도시농촌건설부장(장관)은 이날 국무원 신문판공실에서 기자회견을 열고 “부동산 화이트리스트 프로젝트의 대출 규모를 연말 이전에 4조위안(약 767조원)까지 확대할 계획”이라고 밝혔다. 지방 정부 등이 참여한 부동산 개발 프로젝트는 경기 침체 영향으로 공사기간 지연, 유동성 위기 등을 겪고 있다. 이에 중국 당국은 올해 들어 시장 회복을 위해 자금난에 처한 부동산 프로젝트를 화이트리스트로 지정해 대출을 지원해왔다. 화이트리스트로 선정되려면 프로젝트가 현재 시공 중이어야 하고 담보물이 적합해야 한다는 등의 조건을 충족해야 한다. 극심한 유동성 위기에 처한 비구이위안(컨트리가든)이 진행하는 일부 프로젝트도 화이트리스트에 포함돼 있다. 이날 회견에 배석한 샤오위안치 국가금융감독관리총국 부국장은 “지난 16일 기준 화이트리스트 프로젝트에 승인한 대출 규모가 2조2300억위안(약 427조원)”이라고 말했다. 이를 감안하면 연말까지 1조7700억위안(약 340조원)을 추가 대출한다는 의미다. 또 니 부장은 도시 내 낙후지역에서 주택 개조 사업을 추진해 100만호를 증설하겠다고 언급했다. 그는 “전국 35개 대도시에 개조가 필요한 주택은 170만가구에 이른다”며 “전국적으로 낡고 위험한 주택은 50만가구가 존재한다”고 설명했다. 아울러 주택담보대출 금리 인하와 주택 대출 최소 계약금 비율 통일, 부동산 업체 등에 대한 금융 정책 연장 등 금융 조치들도 지속적으로 추진해나간다고 강조했다. 이날 회견에 참석한 타오링 중국인민은행 부행장은 “이달 말까지 전 은행에서 주택대출금리 인하 세부 방안을 내놓을 것”이라며 “금리가 평균 0.5%포인트 낮아지면 중국 가계는 1500억위안(약 28조7000억원) 절감될 것”이라고 했다.",중국,서울 외
"""사기꾼 부녀 나란히 징역형""…전청조 父, 16억원 가로채 실형",https://www.hankyung.com/article/2024102206267,2시간 전,"작년 12월 전청조의 아버지 전창수 검거 당시 폐쇄회로(CC)TV 화면. 경찰이 카키색 점퍼를 입은 전씨를 붙잡고 있다. / 사진=유튜브 채널 연합뉴스tv 영상 캡처전청조의 아버지인 전창수(61)씨에게 징역 5년 6개월의 실형이 확정됐다.22일 법조계에 따르면 대법원 제1부는 사기 혐의로 기소된 전 씨의 상고를 기각하고 원심이 내린 5년 6개월의 징역형을 전날 확정했다.2018년 2~6월 전씨는 부동산 회사를 운영하는 A씨를 상대로 6회에 걸쳐 16억 1000만원 상당을 가로챈 혐의를 받았다. 전씨는 ""개인에게 돈을 송금하면 창업 대출이 더 쉽게 이뤄질 수 있다""고 속여 개인 통장으로 돈을 전달받은 뒤 연락을 끊고 잠적했다.A씨는 2015년부터 2년 6개월간 전씨가 잠적하기 직전까지 그와 교제한 사이로 전해졌다. 앞서 전씨는 ""결혼하자, 같이 살 집을 구하자"", ""사무실을 차려달라""며 여러 차례 돈을 요구하기도 했다.범행 이후 5년간 도피 생활을 하던 전씨는 지난해 12월 25일 오후 3시 20분께 전남 보성 벌교읍의 한 인력 중개 사무실에 침입해 휴대전화를 훔쳐 달아나다 경찰에 긴급 체포됐다.1심 재판부는 ""피해 금액이 16억 원이 넘고 범행 이후 피해자와 연락을 두절한 뒤 잠적하는 등 죄질이 나쁘다""며 ""피해 회복이 전혀 이뤄지지 않고 용서받지 못한 점을 고려해 형을 정했다""고 양형 이유를 설명했다.이에 검찰과 전 씨 측은 각각 양형 부당을 이유로 항소했다. 그러나 2심 재판부는 ""원심이 선고한 형이 재량의 합리적인 범위 내에서 이뤄졌다""며 양측의 항소를 모두 기각했다.한편, 전씨의 딸인 전청조는 재벌 3세를 사칭해 수십억원대 투자 사기를 벌인 혐의로 지난 7월 1심에서 징역 12년을 선고받았다. 이외에도 전청조는 남자로 위장해 전직 국가대표 펜싱 선수 남현희를 상대로 혼인 빙자 사기를 벌이는 등 각종 사기 사건에 연루돼 논란이 된 바 있다.성진우 한경닷컴 기자 politpeter@hankyung.com",N/A,서울 외
"분당 주민들, 서울 집 가장 많이 샀다…""서울 입성 염두""",https://www.hankyung.com/article/2024102174026,1일 전,"경기 성남시 분당구 시범 아파트 일대 전경. 사진=한경DB경기도와 인천에서 서울에 있는 집(아파트, 오피스텔, 다세대주택)을 가장 많이 매수한 지역은 경기 성남시 분당구로 조사됐다.21일 부동산 플랫폼 직방이 대법원 등기정보광장 자료를 분석한 결과에 따르면 올해 총 1만9343명의 경기, 인천 거주자들이 서울에 있는 집합건물을 매수했는데, 이 가운데 1220명이 성남시 분당구 거주자였다.분당 거주자들이 가장 눈여겨본 서울 자치구는 강남권역이었다. 송파구가 175명으로 가장 많았고 △강남구 174명 △서초구 139명 △강동구 105명 등 순이었다.김은선 직방 빅데이터랩실 랩장은 ""강남권역에 대한 접근성이 편리하고 생활권을 크게 벗어나지 않는 선에서 상급지 갈아타기 수요가 더해지면서 강남권역 매수자 비중이 높게 나타난 것""이라고 분석했다.경기, 인천서 올해 서울 집합건물 매수자 많은 10개 지역 사진=직방성남시 분당구에 이어 남양주시가 뒤를 이었다. 남양주시에선 총 1174명이 서울에 있는 집합건물을 매수했다. 남양주시 거주자들이 많이 매수한 서울 자치구는 △강동구(146명) △성동구(139명) △중랑구(133명) △노원구(80명) △송파구(78명)로 남양주시와 비교적 가까운 지역 위주로 나타났다.이 가운데 강동구는 지난 8월 서울 지하철 8호선 별내역 연장으로 남양주시와 강동구 접근성이 쉬워지며 기존 주소지와 함께 매수지역의 접근성이 좋아진 지역을 매입한 것으로 분석된다.이 밖에 △고양시 덕양구(1062명) △하남시(902명) △화성시(877명)도 서울 집합건물 매수자가 많은 편으로 조사됐다.김은선 랩장은 ""경기, 인천 거주자들이 서울에 있는 집을 매수할 때 지리적으로 인접한 지역을 중심으로 매입하는 것으로 나타났다""며 ""최근 서울 집값 상승세를 고려한다면 상급지 갈아타기를 염두에 둔 서울 입성 수요가 꾸준할 것""이라고 전망했다.이송렬 한경닷컴 기자 yisr0203@hankyung.com",경기 성,서울 외
"중국 증시, 부동산대책 발표에도 하락…상하이 1%↓",https://news.kbs.co.kr/news/pc/view/view.do?ncd=8084081&ref=A,4일 전,"오늘(17일) 중국 증시는 중국 당국의 부동산 대책 발표에도 불구하고 하락했습니다.블룸버그 통신에 따르면 상하이종합지수는 오늘 오전 부동산 대책 기자회견 이후 등락을 거듭하다 33.56포인트(1.05%) 내린 3169.38에 마감했습니다.선전종합지수도 10.27포인트(0.56%) 하락한 1831.89로 장을 마쳤습니다.상하이·선전증시 시가총액 상위 300개 종목으로 구성된 CSI 300 지수 역시 1.13% 내림세로 종료됐습니다. 홍콩 항셍지수는 1.20% 하락한 채 마감했습니다.특히 중국 본토와 홍콩의 부동산지수는 각각 7.9%와 6.7% 떨어졌다고 로이터 통신이 보도했습니다.로이터 통신은 자금난에 빠진 부동산업체를 지원하는 '화이트리스트' 대출금에 대해 올해 안에 한화 340조원을 추가로 투입하는 것을 골자로 한 이날 부동산 대책에 대해 투자자들이 실망했다고, 분석했습니다.[사진 출처 : 로이터=연합뉴스]",중국,서울 외
"중국 증시, 부동산대책 발표에도 하락…상하이 1%↓",https://news.kbs.co.kr/news/pc/view/view.do?ncd=8084081&ref=A,4일 전,"오늘(17일) 중국 증시는 중국 당국의 부동산 대책 발표에도 불구하고 하락했습니다.블룸버그 통신에 따르면 상하이종합지수는 오늘 오전 부동산 대책 기자회견 이후 등락을 거듭하다 33.56포인트(1.05%) 내린 3169.38에 마감했습니다.선전종합지수도 10.27포인트(0.56%) 하락한 1831.89로 장을 마쳤습니다.상하이·선전증시 시가총액 상위 300개 종목으로 구성된 CSI 300 지수 역시 1.13% 내림세로 종료됐습니다. 홍콩 항셍지수는 1.20% 하락한 채 마감했습니다.특히 중국 본토와 홍콩의 부동산지수는 각각 7.9%와 6.7% 떨어졌다고 로이터 통신이 보도했습니다.로이터 통신은 자금난에 빠진 부동산업체를 지원하는 '화이트리스트' 대출금에 대해 올해 안에 한화 340조원을 추가로 투입하는 것을 골자로 한 이날 부동산 대책에 대해 투자자들이 실망했다고, 분석했습니다.[사진 출처 : 로이터=연합뉴스]",중국,서울 외
강남구 법인조사팀 '활약'…신설 석달만에 세원 115억원 발굴,https://www.yna.co.kr/view/AKR20241022026000004?input=1195m,4시간 전,"송고시간2024-10-22 08:23 서울 강남구(구청장 조성명)는 지난 7월 신설한 법인조사팀을 통해 현장 중심 기획조사를 벌여 석 달 만에 조세 포탈 33건을 적발, 115억원의 세원을 발굴했다고 22일 밝혔다. 올해 1~10월 발굴한 세액이 총 149억원으로, 전년 같은 기간(52억원)의 약 3배에 육박하는데, 법인조사팀 신설 이후 3개월여 만에 115억원을 찾아내 짧은 기간 내에 성과를 극대화한 것이다. 조성명 구청장은 ""강남구는 서울 자치구 중 법인이 가장 많은 지역으로, 일부 법인의 지능화된 조세회피 행위에 단호하게 대처하겠다""며 ""앞으로도 세무조사 역량을 강화해 성실한 납세자가 존중받는 문화를 만들고, 구 재정 안정에 기여하겠다""고 강조했다. [강남구 제공. 재판매 및 DB 금지]  (서울=연합뉴스) 정준영 기자 = 서울 강남구(구청장 조성명)는 지난 7월 신설한 법인조사팀을 통해 현장 중심 기획조사를 벌여 석 달 만에 조세 포탈 33건을 적발, 115억원의 세원을 발굴했다고 22일 밝혔다. 올해 1~10월 발굴한 세액이 총 149억원으로, 전년 같은 기간(52억원)의 약 3배에 육박하는데, 법인조사팀 신설 이후 3개월여 만에 115억원을 찾아내 짧은 기간 내에 성과를 극대화한 것이다. 이번 조사에서는 실제 운영하지 않는 휴면법인을 인수해 강남구에 부동산을 취득한 사례가 20건 적발됐다. 이들은 휴면법인 명의를 이용해 세금을 회피하며 총 68억원의 탈루를 시도했다. 또 과밀억제권역 외 지역에 설립한 법인이 강남구에서 부동산을 취득해 본·지점으로 운영한 4건의 사례를 확인하고 총 18억원의 세금을 추징했다. 수영장이 포함된 주상복합건물을 신축한 후 사실상 전체 고급주택으로 사용한 사례에서는 9억원의 탈루가 적발됐다. 조성명 구청장은 ""강남구는 서울 자치구 중 법인이 가장 많은 지역으로, 일부 법인의 지능화된 조세회피 행위에 단호하게 대처하겠다""며 ""앞으로도 세무조사 역량을 강화해 성실한 납세자가 존중받는 문화를 만들고, 구 재정 안정에 기여하겠다""고 강조했다. prince@yna.co.kr 제보는 카카오톡 okjebo<저작권자(c) 연합뉴스,무단 전재-재배포, AI 학습 및 활용 금지>2024/10/22 08:23 송고",서울,서울
